NM_MUN,year,area_km
Abaetetuba,2008.0,1.387703057001128
Abaetetuba,2009.0,3.052674705661467
Abaetetuba,2010.0,4.072397514546186
Abaetetuba,2011.0,0.8559583734953
Abaetetuba,2012.0,2.299492634469165
Abaetetuba,2013.0,0.448690165948732
Abaetetuba,2014.0,0.243939388154505
Abaetetuba,2015.0,0.58614826506206
Abaetetuba,2016.0,0.385669006774471
Abaetetuba,2017.0,1.189312870305023
Abaetetuba,2018.0,0.71577736894629
Abaetetuba,2019.0,0.340123077077085
Abaetetuba,2020.0,1.342091170919244
Abaetetuba,2021.0,1.7771783457917851
Abaetetuba,2022.0,0.406921289006303
Abaetetuba,2023.0,0.31446348206682095
Abel Figueiredo,2008.0,2.958635001141911
Abel Figueiredo,2009.0,1.554944851444204
Abel Figueiredo,2010.0,2.647515999442963
Abel Figueiredo,2011.0,0.565249776515386
Abel Figueiredo,2013.0,0.358571693644153
Abel Figueiredo,2014.0,0.431353093321861
Abel Figueiredo,2015.0,0.16443858849766602
Abel Figueiredo,2016.0,0.595256532298218
Abel Figueiredo,2017.0,0.24025534227363
Abel Figueiredo,2018.0,1.044849581106953
Abel Figueiredo,2019.0,5.431993520346051
Abel Figueiredo,2020.0,1.416644421884421
Abel Figueiredo,2021.0,2.436157685196619
Abel Figueiredo,2022.0,2.948544856353681
Abel Figueiredo,2023.0,1.722436598100717
Acará,2008.0,50.767145625536294
Acará,2009.0,13.21783679479622
Acará,2010.0,31.62102569337405
Acará,2011.0,15.384362050549655
Acará,2012.0,4.814033032532221
Acará,2013.0,18.44331009172959
Acará,2014.0,5.848519169347328
Acará,2015.0,7.028884946362498
Acará,2016.0,7.365854468733473
Acará,2017.0,19.13385674737957
Acará,2018.0,17.106059076297715
Acará,2019.0,18.58839594150388
Acará,2020.0,15.668020276796772
Acará,2021.0,10.465381733029375
Acará,2022.0,5.710869626959594
Acará,2023.0,8.364741385262121
Afuá,2008.0,0.133582193992672
Afuá,2010.0,1.7319582072790871
Afuá,2012.0,0.150511215987739
Afuá,2013.0,0.0739278295175
Afuá,2014.0,0.171899214943144
Afuá,2017.0,0.12054717211147399
Afuá,2019.0,0.107802479244072
Afuá,2022.0,0.16465130477221998
Afuá,2023.0,0.27203326881568
Alenquer,2008.0,40.10254849555616
Alenquer,2009.0,18.50012828533314
Alenquer,2010.0,27.98812785609082
Alenquer,2011.0,22.014888059579565
Alenquer,2012.0,14.859315120024984
Alenquer,2013.0,17.83660196554554
Alenquer,2014.0,16.442435610127273
Alenquer,2015.0,15.257078095158144
Alenquer,2016.0,16.199661402032813
Alenquer,2017.0,27.934371993550357
Alenquer,2018.0,22.244214849738842
Alenquer,2019.0,20.107824182194335
Alenquer,2020.0,33.261847201084
Alenquer,2021.0,32.19131735278549
Alenquer,2022.0,29.566985156886
Alenquer,2023.0,22.502105158743475
Almeirim,2008.0,61.63222472257626
Almeirim,2009.0,23.68866271435473
Almeirim,2010.0,39.139000087627664
Almeirim,2011.0,6.989753910913086
Almeirim,2012.0,19.64297157725496
Almeirim,2013.0,9.506687057798791
Almeirim,2014.0,25.191145268247972
Almeirim,2015.0,12.292530078057164
Almeirim,2016.0,16.020056478284683
Almeirim,2017.0,21.56872884546922
Almeirim,2018.0,19.383531938087376
Almeirim,2019.0,30.478013981040945
Almeirim,2020.0,25.261825880878057
Almeirim,2021.0,31.879749072538676
Almeirim,2022.0,18.898504597925285
Almeirim,2023.0,23.486676462979485
Altamira,2008.0,343.3941936301286
Altamira,2009.0,408.19272088389505
Altamira,2010.0,196.95822370722107
Altamira,2011.0,251.375697523099
Altamira,2012.0,230.34427653400667
Altamira,2013.0,301.07113204030816
Altamira,2014.0,312.462124922975
Altamira,2015.0,313.78004282602046
Altamira,2016.0,414.8591114271624
Altamira,2017.0,225.942164085158
Altamira,2018.0,446.0919403365665
Altamira,2019.0,595.5772005710324
Altamira,2020.0,873.5933745112549
Altamira,2021.0,779.9623758268523
Altamira,2022.0,649.7927288490947
Altamira,2023.0,321.6757513614884
Anajás,2009.0,1.02828928531027
Anajás,2010.0,12.142738580513008
Anajás,2011.0,0.306710800152254
Anajás,2012.0,0.092581316634907
Anajás,2015.0,0.105604203954583
Anajás,2016.0,0.379038988375736
Anajás,2019.0,0.394149556715805
Anajás,2020.0,0.895130069458134
Anajás,2021.0,0.971869275827299
Anajás,2022.0,0.133156585248808
Anajás,2023.0,0.196556898761604
Ananindeua,2010.0,0.071118849804653
Ananindeua,2012.0,0.131722588262831
Anapu,2008.0,79.97294291023506
Anapu,2009.0,28.593530651157835
Anapu,2010.0,80.88489464270255
Anapu,2011.0,227.4266494811581
Anapu,2012.0,16.29350932012565
Anapu,2013.0,20.51325252767668
Anapu,2014.0,33.16314989886832
Anapu,2015.0,97.06538838920457
Anapu,2016.0,88.92930536223479
Anapu,2017.0,102.02491697591267
Anapu,2018.0,57.65678860303153
Anapu,2019.0,224.27838333089403
Anapu,2020.0,131.88886518300728
Anapu,2021.0,145.3162093890436
Anapu,2022.0,113.4596805185698
Anapu,2023.0,97.35154485471351
Augusto Corrêa,2008.0,0.313423172526468
Augusto Corrêa,2009.0,0.390353778844861
Augusto Corrêa,2010.0,0.136028265261493
Augusto Corrêa,2015.0,0.186368938504484
Augusto Corrêa,2023.0,0.306058337115914
Aurora do Pará,2008.0,17.697220048637
Aurora do Pará,2009.0,10.588277975947644
Aurora do Pará,2010.0,11.639974579347275
Aurora do Pará,2011.0,6.925823933689857
Aurora do Pará,2012.0,0.8782208378893039
Aurora do Pará,2013.0,4.762506574860287
Aurora do Pará,2014.0,0.857983154734284
Aurora do Pará,2015.0,0.924808325378785
Aurora do Pará,2016.0,1.55863355127047
Aurora do Pará,2017.0,5.395193114687169
Aurora do Pará,2018.0,3.68618947835302
Aurora do Pará,2019.0,1.496209293866496
Aurora do Pará,2020.0,3.652357890915162
Aurora do Pará,2021.0,2.59308931667913
Aurora do Pará,2022.0,2.701267190504704
Aurora do Pará,2023.0,3.106100909068834
Aveiro,2008.0,33.16319104796903
Aveiro,2009.0,29.56431100622082
Aveiro,2010.0,17.957442960549756
Aveiro,2011.0,35.8155713804316
Aveiro,2012.0,16.47127879154632
Aveiro,2013.0,14.334348566009457
Aveiro,2014.0,29.93091718702568
Aveiro,2015.0,16.214296001495892
Aveiro,2016.0,13.526383890984295
Aveiro,2017.0,30.718645255591444
Aveiro,2018.0,20.953917162283854
Aveiro,2019.0,45.12947841754777
Aveiro,2020.0,35.266963378886395
Aveiro,2021.0,57.07871101245603
Aveiro,2022.0,53.419865970516774
Aveiro,2023.0,29.522198070054916
Bagre,2008.0,3.722745107880887
Bagre,2009.0,1.895404190390101
Bagre,2010.0,17.60218201974488
Bagre,2011.0,2.326833921579918
Bagre,2012.0,0.9293381379918211
Bagre,2013.0,0.530385429969935
Bagre,2014.0,0.24832522411819902
Bagre,2015.0,0.738722431648916
Bagre,2016.0,1.754610798846826
Bagre,2017.0,1.478146731963549
Bagre,2018.0,0.832076253558174
Bagre,2019.0,2.376228229580457
Bagre,2020.0,3.270266361395601
Bagre,2021.0,6.3019334226418655
Bagre,2022.0,3.423215062143592
Bagre,2023.0,2.537798925929311
Baião,2008.0,19.536290482949514
Baião,2009.0,13.373213498319753
Baião,2010.0,25.465053087616255
Baião,2011.0,7.810487525366551
Baião,2012.0,8.520279397862234
Baião,2013.0,6.401450530790209
Baião,2014.0,4.080088681463291
Baião,2015.0,4.617387102324491
Baião,2016.0,5.637623806236606
Baião,2017.0,5.247530807419441
Baião,2018.0,10.235916037806229
Baião,2019.0,8.026815387512329
Baião,2020.0,6.634463981227241
Baião,2021.0,16.853953624343376
Baião,2022.0,8.908743240571004
Baião,2023.0,9.028492931802433
Bannach,2008.0,48.333064988922885
Bannach,2009.0,15.749906121324784
Bannach,2010.0,5.749173413997976
Bannach,2011.0,5.637564126345447
Bannach,2012.0,7.053352668567113
Bannach,2013.0,4.712209881773668
Bannach,2014.0,2.722014920293123
Bannach,2015.0,23.021845973753504
Bannach,2016.0,10.899227420309636
Bannach,2017.0,5.474697897909649
Bannach,2018.0,1.576203133424033
Bannach,2019.0,2.355649385604138
Bannach,2020.0,2.259097531990846
Bannach,2021.0,5.358118514594266
Bannach,2022.0,4.013136998983092
Bannach,2023.0,2.577423295032105
Barcarena,2008.0,1.12914717466149
Barcarena,2009.0,2.669872064206866
Barcarena,2010.0,1.90021277022018
Barcarena,2011.0,1.01428957934406
Barcarena,2012.0,2.380321866526145
Barcarena,2013.0,0.866301333139223
Barcarena,2014.0,0.998117235320337
Barcarena,2015.0,0.33858680989150003
Barcarena,2016.0,0.695755047469776
Barcarena,2017.0,2.771739883583208
Barcarena,2018.0,0.818465815775866
Barcarena,2019.0,0.065133170221254
Barcarena,2020.0,2.595801271560409
Barcarena,2021.0,2.185279222677819
Barcarena,2022.0,0.558981937672541
Barcarena,2023.0,0.262262069824566
Belterra,2008.0,5.112461432002518
Belterra,2009.0,6.966616780399014
Belterra,2010.0,4.254887657537326
Belterra,2011.0,1.573817355460616
Belterra,2012.0,2.287433894753541
Belterra,2013.0,0.6813660034393331
Belterra,2014.0,1.243334680035045
Belterra,2015.0,11.180283949636594
Belterra,2016.0,4.516900902562785
Belterra,2017.0,2.314179938141435
Belterra,2018.0,2.833511494048083
Belterra,2019.0,5.432916298804909
Belterra,2020.0,4.47279963497171
Belterra,2021.0,16.365558106432264
Belterra,2022.0,12.967389564709256
Belterra,2023.0,7.656221031357844
Belém,2008.0,0.946379147946671
Belém,2009.0,0.083676606029933
Belém,2010.0,0.911197034585397
Belém,2011.0,0.252867740172645
Belém,2012.0,0.31422566768985005
Belém,2015.0,0.265299415731449
Belém,2016.0,0.279101231652115
Belém,2017.0,0.274599740899944
Belém,2018.0,0.925068204425803
Belém,2019.0,1.259606224301177
Belém,2020.0,0.226949356993345
Belém,2021.0,0.476675016409833
Belém,2022.0,0.070966223835975
Benevides,2008.0,0.18865546157656898
Benevides,2010.0,0.050672356507675
Benevides,2013.0,0.159390604382529
Benevides,2015.0,0.112137850002932
Benevides,2017.0,0.319529978115072
Benevides,2018.0,0.247922637006151
Benevides,2019.0,0.064918148354104
Benevides,2020.0,0.31260677879175497
Benevides,2021.0,0.138765129253309
Benevides,2022.0,0.434836879173467
Bom Jesus do Tocantins,2008.0,10.551432961476277
Bom Jesus do Tocantins,2009.0,5.805102823996924
Bom Jesus do Tocantins,2010.0,7.660929113698369
Bom Jesus do Tocantins,2011.0,2.294114393367995
Bom Jesus do Tocantins,2012.0,1.7912188511618359
Bom Jesus do Tocantins,2013.0,6.055126153074019
Bom Jesus do Tocantins,2014.0,5.82762261859098
Bom Jesus do Tocantins,2015.0,5.453837004013323
Bom Jesus do Tocantins,2016.0,8.058221925425416
Bom Jesus do Tocantins,2017.0,5.811354121014234
Bom Jesus do Tocantins,2018.0,6.845739167392444
Bom Jesus do Tocantins,2019.0,7.595312550052934
Bom Jesus do Tocantins,2020.0,19.22338610541485
Bom Jesus do Tocantins,2021.0,8.228008100734407
Bom Jesus do Tocantins,2022.0,6.532999548013912
Bom Jesus do Tocantins,2023.0,5.869173612018694
Bonito,2008.0,7.184801221929246
Bonito,2009.0,0.6206006351787869
Bonito,2010.0,1.398947759403733
Bonito,2011.0,2.061061751601842
Bonito,2013.0,0.560081908121585
Bonito,2014.0,0.283147641870942
Bonito,2015.0,0.824382670975341
Bonito,2016.0,0.762362470009653
Bonito,2017.0,0.627005440863246
Bonito,2020.0,0.239814837813333
Bonito,2021.0,0.198067988516685
Bonito,2023.0,0.318025247569015
Bragança,2008.0,1.291751669483909
Bragança,2009.0,6.069483564777706
Bragança,2010.0,2.687988482423283
Bragança,2011.0,0.889318402757777
Bragança,2012.0,0.213545366078122
Bragança,2014.0,1.115730299101615
Bragança,2015.0,0.505410711270483
Bragança,2017.0,0.567568203939261
Bragança,2018.0,0.293340356319009
Bragança,2019.0,0.22403471412929402
Bragança,2020.0,0.40478629547427997
Bragança,2021.0,0.301326951192732
Bragança,2023.0,0.481794449663293
Brasil Novo,2008.0,17.839279519675074
Brasil Novo,2009.0,58.71753565092012
Brasil Novo,2010.0,50.71367261964107
Brasil Novo,2011.0,39.90399265077268
Brasil Novo,2012.0,9.1742578371898
Brasil Novo,2013.0,32.359779956452584
Brasil Novo,2014.0,9.202692665243545
Brasil Novo,2015.0,11.798390876651506
Brasil Novo,2016.0,6.616722575674099
Brasil Novo,2017.0,28.91290797555496
Brasil Novo,2018.0,19.682096927666166
Brasil Novo,2019.0,26.937940165143058
Brasil Novo,2020.0,26.878540786818743
Brasil Novo,2021.0,20.83428832209944
Brasil Novo,2022.0,9.30295666173473
Brasil Novo,2023.0,11.646476125387766
Brejo Grande do Araguaia,2008.0,8.768859187622018
Brejo Grande do Araguaia,2009.0,3.19496087269453
Brejo Grande do Araguaia,2010.0,2.33986166880218
Brejo Grande do Araguaia,2011.0,2.224095389519529
Brejo Grande do Araguaia,2012.0,1.159842035648961
Brejo Grande do Araguaia,2013.0,2.697365831828412
Brejo Grande do Araguaia,2014.0,2.825223552660585
Brejo Grande do Araguaia,2015.0,1.207366679023568
Brejo Grande do Araguaia,2016.0,2.421665537188818
Brejo Grande do Araguaia,2017.0,1.924905190046844
Brejo Grande do Araguaia,2018.0,0.9005927735607431
Brejo Grande do Araguaia,2019.0,1.195369498085608
Brejo Grande do Araguaia,2020.0,1.3993186296720759
Brejo Grande do Araguaia,2021.0,1.957324836237559
Brejo Grande do Araguaia,2022.0,1.859382399350352
Brejo Grande do Araguaia,2023.0,1.4083238892822991
Breu Branco,2008.0,68.61426250400326
Breu Branco,2009.0,18.460571852730425
Breu Branco,2010.0,55.57622395342782
Breu Branco,2011.0,15.691455685180452
Breu Branco,2012.0,18.10010579998564
Breu Branco,2013.0,11.845899218780582
Breu Branco,2014.0,7.197036961365546
Breu Branco,2015.0,17.986860497971044
Breu Branco,2016.0,9.694420260005943
Breu Branco,2017.0,9.049421563048872
Breu Branco,2018.0,9.600319072933791
Breu Branco,2019.0,9.526382590133142
Breu Branco,2020.0,13.053858706510669
Breu Branco,2021.0,14.087950835616283
Breu Branco,2022.0,8.454721435237502
Breu Branco,2023.0,9.27417694813644
Breves,2008.0,3.94723551912756
Breves,2009.0,0.971076861746587
Breves,2010.0,2.130156619828854
Breves,2011.0,0.638130053744318
Breves,2012.0,0.277384364365757
Breves,2013.0,1.247492943380971
Breves,2014.0,0.530676569550087
Breves,2015.0,0.912023376667188
Breves,2016.0,1.956472550848728
Breves,2017.0,1.1237148372870291
Breves,2018.0,0.361025993969865
Breves,2019.0,1.8058399602347102
Breves,2020.0,1.878384262745571
Breves,2021.0,2.3018148228223048
Breves,2022.0,1.54932247624932
Breves,2023.0,1.109881827410484
Bujaru,2008.0,5.608246847861893
Bujaru,2009.0,0.601925381192433
Bujaru,2010.0,1.251874299942914
Bujaru,2011.0,1.696510005224087
Bujaru,2012.0,0.9063702289016791
Bujaru,2013.0,2.665484489935043
Bujaru,2014.0,0.080128050225907
Bujaru,2015.0,1.105887119795947
Bujaru,2016.0,0.682845474452883
Bujaru,2017.0,6.279655070226615
Bujaru,2018.0,0.9082330012222289
Bujaru,2019.0,0.164904929065725
Bujaru,2020.0,1.2586046136140991
Bujaru,2021.0,0.57164643902004
Bujaru,2022.0,0.249589246373534
Bujaru,2023.0,0.442214565037168
Cachoeira do Arari,2009.0,0.406348435277417
Cachoeira do Arari,2010.0,0.9322549089039189
Cachoeira do Arari,2011.0,0.211303637013289
Cachoeira do Arari,2013.0,0.084601191689974
Cachoeira do Arari,2016.0,0.076871145515942
Cachoeira do Arari,2018.0,0.229650118196061
Cachoeira do Arari,2021.0,0.39337479644374296
Cachoeira do Arari,2022.0,0.070452653186692
Cachoeira do Arari,2023.0,0.065461525964387
Cachoeira do Piriá,2008.0,22.749508410573522
Cachoeira do Piriá,2009.0,80.2261012486136
Cachoeira do Piriá,2010.0,58.36495767385875
Cachoeira do Piriá,2011.0,24.34185466897198
Cachoeira do Piriá,2012.0,3.097168825975575
Cachoeira do Piriá,2013.0,5.036958548465768
Cachoeira do Piriá,2014.0,10.660026369141242
Cachoeira do Piriá,2015.0,12.67886491592949
Cachoeira do Piriá,2016.0,9.281694282856348
Cachoeira do Piriá,2017.0,20.877242022201536
Cachoeira do Piriá,2018.0,18.732194473170235
Cachoeira do Piriá,2019.0,22.732841857034582
Cachoeira do Piriá,2020.0,27.654963299246216
Cachoeira do Piriá,2021.0,15.245508657317679
Cachoeira do Piriá,2022.0,11.54786165446458
Cachoeira do Piriá,2023.0,25.091424914520502
Cametá,2008.0,0.7899752374956159
Cametá,2009.0,6.683282567109437
Cametá,2010.0,13.705562059483665
Cametá,2011.0,1.451635407349317
Cametá,2012.0,0.479508212269235
Cametá,2013.0,0.396974263393247
Cametá,2014.0,0.336425325136074
Cametá,2015.0,0.293440706966687
Cametá,2016.0,0.408132237873703
Cametá,2017.0,1.270330019812481
Cametá,2018.0,1.045401535229053
Cametá,2019.0,0.142751992196504
Cametá,2020.0,0.508600719692589
Cametá,2021.0,0.303614422997156
Cametá,2022.0,0.419941977438533
Cametá,2023.0,0.410065007053655
Canaã dos Carajás,2008.0,8.855498488791318
Canaã dos Carajás,2009.0,0.86995683915958
Canaã dos Carajás,2010.0,1.338930286305906
Canaã dos Carajás,2011.0,1.462371964425959
Canaã dos Carajás,2012.0,0.26506180161765003
Canaã dos Carajás,2013.0,0.637237065362636
Canaã dos Carajás,2014.0,1.407602921104562
Canaã dos Carajás,2015.0,2.668696602564374
Canaã dos Carajás,2016.0,2.0711066902633433
Canaã dos Carajás,2017.0,1.436025152666701
Canaã dos Carajás,2018.0,0.9985072483712341
Canaã dos Carajás,2019.0,1.208252965230152
Canaã dos Carajás,2020.0,2.004971821544681
Canaã dos Carajás,2021.0,2.420352704374257
Canaã dos Carajás,2022.0,1.819873208445317
Canaã dos Carajás,2023.0,0.624196345198891
Capanema,2008.0,4.138813614087493
Capanema,2009.0,1.5958519458466431
Capanema,2010.0,0.605450144707767
Capanema,2011.0,1.8396188643010332
Capanema,2013.0,0.130020174052286
Capanema,2014.0,0.281413754058645
Capanema,2015.0,1.323375057070954
Capanema,2016.0,0.10298783781854101
Capanema,2017.0,0.305202060889764
Capanema,2018.0,0.067043386065928
Capanema,2019.0,0.08693283084711201
Capanema,2020.0,0.5287258813400391
Capanema,2021.0,0.310495470425919
Capanema,2023.0,0.391640535548118
Capitão Poço,2008.0,7.125157286410378
Capitão Poço,2009.0,12.033304305426896
Capitão Poço,2010.0,1.45165143269276
Capitão Poço,2011.0,9.5628183786682
Capitão Poço,2012.0,0.6080895744818
Capitão Poço,2013.0,1.125843969290041
Capitão Poço,2014.0,1.211626270562055
Capitão Poço,2015.0,1.20823350519189
Capitão Poço,2016.0,1.0644161372503749
Capitão Poço,2017.0,1.895302197287821
Capitão Poço,2018.0,1.491442012076216
Capitão Poço,2019.0,1.670625620579054
Capitão Poço,2020.0,1.160652021894767
Capitão Poço,2021.0,2.410887628453565
Capitão Poço,2022.0,1.572391628018853
Capitão Poço,2023.0,4.798331321147787
Castanhal,2008.0,5.928743089123202
Castanhal,2009.0,0.540733061549872
Castanhal,2010.0,1.52387109320929
Castanhal,2011.0,0.980264871500543
Castanhal,2012.0,0.5508387073112679
Castanhal,2013.0,1.231508560225716
Castanhal,2014.0,0.198583258624235
Castanhal,2015.0,0.667939157068805
Castanhal,2016.0,0.844794786964945
Castanhal,2017.0,0.914971541534414
Castanhal,2018.0,0.439968470844861
Castanhal,2019.0,0.250226609814553
Castanhal,2020.0,0.74730963291424
Castanhal,2021.0,0.957859689591129
Castanhal,2022.0,0.491069652298773
Castanhal,2023.0,0.350407333194773
Chaves,2008.0,0.177204962845737
Chaves,2009.0,0.83983462713399
Chaves,2010.0,2.633700660702493
Chaves,2011.0,0.158486171423172
Chaves,2012.0,0.244002976012403
Chaves,2013.0,0.071255464381329
Chaves,2014.0,0.170121370331922
Chaves,2015.0,0.7517580251985769
Chaves,2017.0,2.169486255411832
Chaves,2019.0,0.29989813146426203
Chaves,2020.0,0.063309252034719
Chaves,2022.0,0.071012664308266
Chaves,2023.0,0.062519351751292
Colares,2008.0,0.475260160897111
Colares,2010.0,0.15753888526641802
Colares,2011.0,0.150518522978563
Colares,2016.0,0.095242186882074
Colares,2017.0,0.169559938741847
Colares,2020.0,0.064182768290223
Colares,2021.0,0.081467105391459
Colares,2022.0,0.144261991096448
Conceição do Araguaia,2008.0,47.748311076937945
Conceição do Araguaia,2009.0,7.223087249780756
Conceição do Araguaia,2010.0,17.67186825587538
Conceição do Araguaia,2011.0,5.174211402204316
Conceição do Araguaia,2012.0,7.318757798429633
Conceição do Araguaia,2013.0,5.846317843339827
Conceição do Araguaia,2014.0,4.281717867219143
Conceição do Araguaia,2015.0,1.6717555521081309
Conceição do Araguaia,2016.0,6.781905460490802
Conceição do Araguaia,2017.0,3.031623570603373
Conceição do Araguaia,2018.0,2.76351625954462
Conceição do Araguaia,2019.0,8.915600842637286
Conceição do Araguaia,2020.0,2.1527304689660403
Conceição do Araguaia,2021.0,4.665965307190164
Conceição do Araguaia,2022.0,4.771781302351821
Conceição do Araguaia,2023.0,7.088073865165425
Concórdia do Pará,2008.0,2.702427243520624
Concórdia do Pará,2009.0,0.86488483767147
Concórdia do Pará,2010.0,0.522139291239573
Concórdia do Pará,2011.0,0.7157455110297151
Concórdia do Pará,2012.0,0.593006219932406
Concórdia do Pará,2013.0,0.560845230486599
Concórdia do Pará,2014.0,0.284871802669892
Concórdia do Pará,2015.0,0.491138391273008
Concórdia do Pará,2016.0,0.23977306464599601
Concórdia do Pará,2017.0,3.273618124465999
Concórdia do Pará,2018.0,0.50413937772565
Concórdia do Pará,2019.0,0.311815273569596
Concórdia do Pará,2020.0,0.8474750369068069
Concórdia do Pará,2021.0,0.40868396345547603
Concórdia do Pará,2022.0,0.332963105615241
Concórdia do Pará,2023.0,0.229081678129993
Cumaru do Norte,2008.0,187.28167315981926
Cumaru do Norte,2009.0,36.63655523135244
Cumaru do Norte,2010.0,43.2381565825076
Cumaru do Norte,2011.0,59.356006692631844
Cumaru do Norte,2012.0,58.44984636377243
Cumaru do Norte,2013.0,37.95801590686735
Cumaru do Norte,2014.0,25.72851266137664
Cumaru do Norte,2015.0,41.370018856635134
Cumaru do Norte,2016.0,33.94815132849726
Cumaru do Norte,2017.0,38.92458365735699
Cumaru do Norte,2018.0,29.417064124149245
Cumaru do Norte,2019.0,44.06939706811837
Cumaru do Norte,2020.0,74.64281086006196
Cumaru do Norte,2021.0,48.45279339130604
Cumaru do Norte,2022.0,25.543479397399864
Cumaru do Norte,2023.0,15.89626631285503
Curionópolis,2008.0,5.084603331664665
Curionópolis,2009.0,0.895119920491088
Curionópolis,2010.0,3.646259946816773
Curionópolis,2011.0,0.259416297255122
Curionópolis,2012.0,0.478872776197244
Curionópolis,2015.0,0.46198944720546
Curionópolis,2016.0,0.456402760406194
Curionópolis,2017.0,1.848034465292538
Curionópolis,2018.0,1.05937909000726
Curionópolis,2019.0,3.512656345583904
Curionópolis,2020.0,4.4739241000231456
Curionópolis,2021.0,1.693720082663525
Curionópolis,2022.0,4.416469058793826
Curionópolis,2023.0,0.675735203839189
Curralinho,2008.0,0.700537791517273
Curralinho,2009.0,3.359399075586151
Curralinho,2010.0,9.19664646144982
Curralinho,2011.0,1.369552540429853
Curralinho,2012.0,0.45198975563870797
Curralinho,2013.0,1.687253474161101
Curralinho,2014.0,0.273349269566957
Curralinho,2015.0,0.089963655914613
Curralinho,2016.0,0.991346651862381
Curralinho,2017.0,0.18896565414093502
Curralinho,2019.0,1.707375334649998
Curralinho,2020.0,1.084471861179764
Curralinho,2021.0,2.790267359732448
Curralinho,2022.0,0.762449407782679
Curralinho,2023.0,1.152345711748515
Curuá,2008.0,4.344852378434858
Curuá,2009.0,5.055146843013035
Curuá,2010.0,8.790832168297346
Curuá,2011.0,3.536376119317531
Curuá,2012.0,2.422254060748865
Curuá,2013.0,1.61597043934375
Curuá,2014.0,6.039030794039465
Curuá,2015.0,3.794481738572285
Curuá,2016.0,5.668497833881064
Curuá,2017.0,6.108195752027829
Curuá,2018.0,5.007903132021917
Curuá,2019.0,11.742427060382726
Curuá,2020.0,10.909477261345305
Curuá,2021.0,8.791062847800738
Curuá,2022.0,6.396489641268919
Curuá,2023.0,7.525233371144113
Curuçá,2008.0,2.342872012539678
Curuçá,2009.0,1.44716420410526
Curuçá,2010.0,1.5822011938522729
Curuçá,2011.0,0.40771843152355003
Curuçá,2012.0,0.068483113548335
Curuçá,2013.0,2.33252124995795
Curuçá,2014.0,0.14250167850438
Curuçá,2015.0,0.24474901758551398
Curuçá,2016.0,0.973228871537846
Curuçá,2017.0,0.431738724499712
Curuçá,2018.0,1.26527006531658
Curuçá,2019.0,0.5614054114788121
Curuçá,2020.0,0.868188573425878
Curuçá,2021.0,0.682021302003873
Curuçá,2022.0,0.069926764336452
Curuçá,2023.0,0.411797251631198
Dom Eliseu,2008.0,54.14667100535096
Dom Eliseu,2009.0,41.26173598187868
Dom Eliseu,2010.0,37.54029510992496
Dom Eliseu,2011.0,24.994717981577125
Dom Eliseu,2012.0,31.09482991654272
Dom Eliseu,2013.0,10.335779679962616
Dom Eliseu,2014.0,6.237574391499246
Dom Eliseu,2015.0,6.859356345803208
Dom Eliseu,2016.0,7.409841975820317
Dom Eliseu,2017.0,5.630482523029939
Dom Eliseu,2018.0,10.900281351718037
Dom Eliseu,2019.0,13.147574346844529
Dom Eliseu,2020.0,28.076928079044727
Dom Eliseu,2021.0,44.272970763485176
Dom Eliseu,2022.0,48.14249179632654
Dom Eliseu,2023.0,40.740214139360006
Eldorado do Carajás,2008.0,32.6539233115641
Eldorado do Carajás,2009.0,24.96908421172497
Eldorado do Carajás,2010.0,22.01779332876327
Eldorado do Carajás,2011.0,5.406700953626262
Eldorado do Carajás,2012.0,2.621246548975231
Eldorado do Carajás,2013.0,4.645422339363703
Eldorado do Carajás,2014.0,4.114619677760991
Eldorado do Carajás,2015.0,4.527561465296043
Eldorado do Carajás,2016.0,10.80855011642929
Eldorado do Carajás,2017.0,1.957360295744073
Eldorado do Carajás,2018.0,4.026947194977272
Eldorado do Carajás,2019.0,3.4966334514639548
Eldorado do Carajás,2020.0,2.913370550298642
Eldorado do Carajás,2021.0,3.454399146321533
Eldorado do Carajás,2022.0,3.243100353835112
Eldorado do Carajás,2023.0,3.522145192066517
Faro,2008.0,2.022478306869866
Faro,2009.0,2.317114365709561
Faro,2010.0,5.570414026616959
Faro,2011.0,2.950336945254092
Faro,2012.0,0.70088407980329
Faro,2013.0,1.350386077125755
Faro,2014.0,2.5431699868983753
Faro,2015.0,3.242550738001785
Faro,2016.0,0.871909546811404
Faro,2017.0,1.148554987602234
Faro,2018.0,3.3241571096647218
Faro,2019.0,1.422419372267445
Faro,2020.0,1.1710722660424
Faro,2021.0,3.55802801179411
Faro,2022.0,4.923438490700087
Faro,2023.0,2.836736046923983
Floresta do Araguaia,2008.0,20.848021201405484
Floresta do Araguaia,2009.0,12.151620412999298
Floresta do Araguaia,2010.0,12.88858642815256
Floresta do Araguaia,2011.0,4.231521662498768
Floresta do Araguaia,2012.0,5.381340980983346
Floresta do Araguaia,2013.0,4.989675330353107
Floresta do Araguaia,2014.0,4.048395775606498
Floresta do Araguaia,2015.0,3.235593692406645
Floresta do Araguaia,2016.0,3.157976112615423
Floresta do Araguaia,2017.0,3.973409923112248
Floresta do Araguaia,2018.0,1.289677593974418
Floresta do Araguaia,2019.0,3.153784643850779
Floresta do Araguaia,2020.0,2.38003671246331
Floresta do Araguaia,2021.0,3.097932884472678
Floresta do Araguaia,2022.0,2.311512205233108
Floresta do Araguaia,2023.0,3.1029173911246852
Garrafão do Norte,2008.0,8.973800021806515
Garrafão do Norte,2009.0,20.846527298327548
Garrafão do Norte,2010.0,7.050961856014614
Garrafão do Norte,2011.0,10.497074435193111
Garrafão do Norte,2012.0,0.953993636130372
Garrafão do Norte,2013.0,1.054460785082955
Garrafão do Norte,2014.0,4.178427462482244
Garrafão do Norte,2015.0,1.414697902013044
Garrafão do Norte,2016.0,0.990105856552342
Garrafão do Norte,2017.0,0.60549928239536
Garrafão do Norte,2018.0,0.981719312967167
Garrafão do Norte,2019.0,0.620238421964943
Garrafão do Norte,2020.0,0.994688021348629
Garrafão do Norte,2021.0,1.1580773753345799
Garrafão do Norte,2022.0,2.0115022358448558
Garrafão do Norte,2023.0,2.225520069332186
Goianésia do Pará,2008.0,38.14701265271568
Goianésia do Pará,2009.0,25.850356168273986
Goianésia do Pará,2010.0,49.57174610063184
Goianésia do Pará,2011.0,21.525460982970337
Goianésia do Pará,2012.0,16.095183374602886
Goianésia do Pará,2013.0,38.89633697385233
Goianésia do Pará,2014.0,23.322062489459043
Goianésia do Pará,2015.0,25.105163141600983
Goianésia do Pará,2016.0,21.08893210227984
Goianésia do Pará,2017.0,23.725146105796675
Goianésia do Pará,2018.0,20.45573726930662
Goianésia do Pará,2019.0,30.226347052208478
Goianésia do Pará,2020.0,40.88077310362417
Goianésia do Pará,2021.0,29.015349811084906
Goianésia do Pará,2022.0,27.810387049951387
Goianésia do Pará,2023.0,18.905760095098145
Gurupá,2008.0,3.67660860439646
Gurupá,2009.0,5.625295954270995
Gurupá,2010.0,6.22762723977024
Gurupá,2011.0,0.580063945376304
Gurupá,2012.0,3.398059868035246
Gurupá,2013.0,0.645507549837519
Gurupá,2014.0,1.926837669121284
Gurupá,2015.0,0.239681582605177
Gurupá,2016.0,1.243484063976989
Gurupá,2017.0,2.170810564636634
Gurupá,2018.0,2.9506524869177833
Gurupá,2019.0,4.631436021035856
Gurupá,2020.0,3.828602857526475
Gurupá,2021.0,2.109405584305639
Gurupá,2022.0,2.3512404452316638
Gurupá,2023.0,1.73041630445979
Igarapé-Açu,2008.0,4.307387783934345
Igarapé-Açu,2009.0,1.076085709155638
Igarapé-Açu,2010.0,0.552060968855641
Igarapé-Açu,2011.0,0.058802064483882
Igarapé-Açu,2012.0,0.138805086238405
Igarapé-Açu,2013.0,0.80499420781964
Igarapé-Açu,2015.0,0.30406894250934
Igarapé-Açu,2016.0,0.095380232059255
Igarapé-Açu,2017.0,0.6522176184421951
Igarapé-Açu,2020.0,0.251874450315685
Igarapé-Açu,2021.0,0.065304131026696
Igarapé-Açu,2023.0,0.108655539539695
Igarapé-Miri,2008.0,2.452347863179507
Igarapé-Miri,2009.0,3.199178956379133
Igarapé-Miri,2010.0,18.425593972728333
Igarapé-Miri,2011.0,2.72180768074854
Igarapé-Miri,2012.0,1.074691599542988
Igarapé-Miri,2013.0,0.977357665357518
Igarapé-Miri,2014.0,0.26438946884346404
Igarapé-Miri,2015.0,0.5831305736361649
Igarapé-Miri,2016.0,0.240008607929721
Igarapé-Miri,2017.0,0.48774877601191396
Igarapé-Miri,2018.0,1.199048718869159
Igarapé-Miri,2019.0,0.818651799950833
Igarapé-Miri,2020.0,1.079148362802874
Igarapé-Miri,2021.0,4.413043103600245
Igarapé-Miri,2022.0,0.5481754354152301
Igarapé-Miri,2023.0,0.967190978993376
Inhangapi,2008.0,1.155359631523349
Inhangapi,2009.0,0.106863822000278
Inhangapi,2012.0,0.061458492010035
Inhangapi,2013.0,0.237741103768785
Inhangapi,2016.0,0.067968196720836
Inhangapi,2017.0,0.288641612709368
Inhangapi,2018.0,0.13975909454923602
Inhangapi,2019.0,0.18403978409454
Inhangapi,2020.0,0.24782558370292201
Inhangapi,2021.0,0.365444248965867
Ipixuna do Pará,2008.0,50.12604834166074
Ipixuna do Pará,2009.0,33.686112618614345
Ipixuna do Pará,2010.0,46.39896349298227
Ipixuna do Pará,2011.0,14.876775441698737
Ipixuna do Pará,2012.0,8.97889795898775
Ipixuna do Pará,2013.0,18.590750239576742
Ipixuna do Pará,2014.0,6.368680815841241
Ipixuna do Pará,2015.0,14.289890397724667
Ipixuna do Pará,2016.0,11.906439734952881
Ipixuna do Pará,2017.0,8.379165404404652
Ipixuna do Pará,2018.0,12.60987745730054
Ipixuna do Pará,2019.0,7.51269974147593
Ipixuna do Pará,2020.0,23.87984727350014
Ipixuna do Pará,2021.0,33.95895178451826
Ipixuna do Pará,2022.0,10.897519823452347
Ipixuna do Pará,2023.0,20.674504992567382
Irituia,2008.0,4.394632615733956
Irituia,2009.0,0.849120772088667
Irituia,2011.0,5.017817759271982
Irituia,2012.0,0.214261168676515
Irituia,2013.0,0.900926214270749
Irituia,2014.0,0.069445848699187
Irituia,2015.0,1.9393177872335021
Irituia,2016.0,1.928556369510537
Irituia,2017.0,1.023856455300933
Irituia,2018.0,0.32598753521508
Irituia,2019.0,0.085702824539744
Irituia,2020.0,0.515280954899482
Irituia,2021.0,0.785199578390168
Irituia,2022.0,0.456260287797032
Irituia,2023.0,0.783018249241317
Itaituba,2008.0,172.04110370702804
Itaituba,2009.0,161.02819434760468
Itaituba,2010.0,92.18632256431266
Itaituba,2011.0,91.8751321804776
Itaituba,2012.0,96.70242872804492
Itaituba,2013.0,190.75454116558174
Itaituba,2014.0,103.3049993601488
Itaituba,2015.0,90.69231783358478
Itaituba,2016.0,135.1500367010825
Itaituba,2017.0,81.36384954409304
Itaituba,2018.0,99.70408330147043
Itaituba,2019.0,171.8910452953859
Itaituba,2020.0,285.68960239036335
Itaituba,2021.0,372.93565455963994
Itaituba,2022.0,349.21458128820836
Itaituba,2023.0,111.98846977568301
Itupiranga,2008.0,232.17395783868798
Itupiranga,2009.0,88.76646330149516
Itupiranga,2010.0,51.80228210723531
Itupiranga,2011.0,59.93148417294001
Itupiranga,2012.0,42.64882052414892
Itupiranga,2013.0,62.682485907350035
Itupiranga,2014.0,48.92374799744148
Itupiranga,2015.0,28.29203712615709
Itupiranga,2016.0,88.96039781354482
Itupiranga,2017.0,29.332471780032268
Itupiranga,2018.0,30.942580117743184
Itupiranga,2019.0,35.02830391763379
Itupiranga,2020.0,33.72147865091635
Itupiranga,2021.0,52.66950736686819
Itupiranga,2022.0,26.899204356515828
Itupiranga,2023.0,27.762275601181507
Jacareacanga,2008.0,23.423622946212955
Jacareacanga,2009.0,15.052556069785389
Jacareacanga,2010.0,26.38686375621203
Jacareacanga,2011.0,28.006464008266004
Jacareacanga,2012.0,33.2349128020406
Jacareacanga,2013.0,22.684512053953732
Jacareacanga,2014.0,24.659766919588595
Jacareacanga,2015.0,31.576168628762098
Jacareacanga,2016.0,51.36205839948253
Jacareacanga,2017.0,36.02209546369145
Jacareacanga,2018.0,51.95703746462274
Jacareacanga,2019.0,94.22939534815124
Jacareacanga,2020.0,88.97437808273222
Jacareacanga,2021.0,110.73568472111519
Jacareacanga,2022.0,108.19920126615925
Jacareacanga,2023.0,58.18578500294267
Jacundá,2008.0,5.963256650478431
Jacundá,2009.0,3.618344731478881
Jacundá,2010.0,7.039492053647431
Jacundá,2011.0,2.302846769144461
Jacundá,2012.0,0.896941309169254
Jacundá,2013.0,1.8504259838863009
Jacundá,2014.0,1.960441475958799
Jacundá,2015.0,3.3650743278670068
Jacundá,2016.0,2.158686838655001
Jacundá,2017.0,2.016562679871812
Jacundá,2018.0,2.724261085071555
Jacundá,2019.0,3.960081651052426
Jacundá,2020.0,3.8709530924195112
Jacundá,2021.0,1.5064429899840341
Jacundá,2022.0,1.582568863164729
Jacundá,2023.0,2.546740734127891
Juruti,2008.0,11.441171478547224
Juruti,2009.0,14.252914128377123
Juruti,2010.0,7.465478700615408
Juruti,2011.0,6.103692517989254
Juruti,2012.0,1.373061373087999
Juruti,2013.0,2.164836910758968
Juruti,2014.0,12.831186436298731
Juruti,2015.0,8.232631124481935
Juruti,2016.0,3.893674399659902
Juruti,2017.0,11.588861537036447
Juruti,2018.0,5.279888056120341
Juruti,2019.0,15.622756659636991
Juruti,2020.0,9.272052880191014
Juruti,2021.0,4.371764642255884
Juruti,2022.0,15.60347830855257
Juruti,2023.0,8.51523803113435
Limoeiro do Ajuru,2008.0,0.075272332268109
Limoeiro do Ajuru,2009.0,0.329786885242428
Limoeiro do Ajuru,2010.0,3.236534399040331
Limoeiro do Ajuru,2011.0,0.06766073706373
Limoeiro do Ajuru,2016.0,0.181306755496598
Limoeiro do Ajuru,2017.0,0.149821788650269
Limoeiro do Ajuru,2019.0,0.132181082265753
Limoeiro do Ajuru,2020.0,0.255437318664571
Limoeiro do Ajuru,2021.0,0.344383789201385
Limoeiro do Ajuru,2023.0,0.138296839554958
Magalhães Barata,2008.0,0.407761085592373
Magalhães Barata,2010.0,0.529301081460172
Magalhães Barata,2011.0,0.13524740027759202
Magalhães Barata,2013.0,0.57979637957626
Magalhães Barata,2015.0,0.277477536393978
Magalhães Barata,2017.0,0.344018888614963
Magalhães Barata,2018.0,0.519698947319128
Magalhães Barata,2019.0,0.248362342833496
Magalhães Barata,2020.0,1.722438215371719
Magalhães Barata,2021.0,1.214530982941107
Magalhães Barata,2022.0,0.318423246720529
Magalhães Barata,2023.0,0.187791368885945
Marabá,2008.0,360.3994821314914
Marabá,2009.0,112.13131006324062
Marabá,2010.0,79.65259629718305
Marabá,2011.0,65.21488775715767
Marabá,2012.0,53.27945390940016
Marabá,2013.0,82.06779974373549
Marabá,2014.0,38.9293048590177
Marabá,2015.0,46.44582941111232
Marabá,2016.0,101.08858237844281
Marabá,2017.0,42.37457648798904
Marabá,2018.0,49.32807307657093
Marabá,2019.0,68.83571644414033
Marabá,2020.0,61.055129478598076
Marabá,2021.0,75.33684012915687
Marabá,2022.0,43.284985944791956
Marabá,2023.0,36.72348256565765
Maracanã,2008.0,1.293543530028981
Maracanã,2009.0,0.519292111184909
Maracanã,2010.0,2.138437126258293
Maracanã,2011.0,0.585530171936295
Maracanã,2012.0,0.411469628836799
Maracanã,2013.0,1.490025229858728
Maracanã,2014.0,0.188804295245263
Maracanã,2015.0,0.6402660898014579
Maracanã,2016.0,0.635926254661817
Maracanã,2017.0,1.531398114682804
Maracanã,2018.0,1.073360688993599
Maracanã,2019.0,1.637573680988141
Maracanã,2020.0,0.960009082949525
Maracanã,2021.0,0.594686332373279
Maracanã,2022.0,0.336245415533068
Maracanã,2023.0,0.30223056014891303
Marapanim,2008.0,4.698456088706506
Marapanim,2009.0,1.825295948265505
Marapanim,2010.0,0.978713674775026
Marapanim,2011.0,0.22504458622943702
Marapanim,2013.0,1.531000430530927
Marapanim,2014.0,0.28410915889979
Marapanim,2015.0,1.44647821588729
Marapanim,2016.0,0.514315081318259
Marapanim,2017.0,0.687880086268592
Marapanim,2018.0,0.808912593159798
Marapanim,2020.0,0.72722159762575
Marapanim,2021.0,1.345273124484244
Marapanim,2022.0,0.704712319817681
Marapanim,2023.0,0.16316746609318
Marituba,2011.0,0.070344728540922
Marituba,2019.0,0.104701012269665
Medicilândia,2008.0,28.541507638634464
Medicilândia,2009.0,55.36209564314212
Medicilândia,2010.0,46.65728143343752
Medicilândia,2011.0,29.38739744300075
Medicilândia,2012.0,21.15665119769602
Medicilândia,2013.0,38.08225963602681
Medicilândia,2014.0,17.206464362377858
Medicilândia,2015.0,17.950007383766536
Medicilândia,2016.0,7.972701180495733
Medicilândia,2017.0,116.23331332020376
Medicilândia,2018.0,62.96848233951001
Medicilândia,2019.0,113.04588681352675
Medicilândia,2020.0,64.45689076671503
Medicilândia,2021.0,105.19484052873344
Medicilândia,2022.0,102.18366112316698
Medicilândia,2023.0,97.15440232676316
Melgaço,2008.0,4.494079776294668
Melgaço,2009.0,0.069544579293452
Melgaço,2010.0,0.960503440100509
Melgaço,2011.0,0.432174998421677
Melgaço,2012.0,2.186047488171623
Melgaço,2013.0,0.6392228385420891
Melgaço,2014.0,1.564252988085461
Melgaço,2015.0,0.258019013155938
Melgaço,2016.0,0.598455734209749
Melgaço,2017.0,2.922280136578484
Melgaço,2018.0,1.554314569884531
Melgaço,2019.0,2.553594565853885
Melgaço,2020.0,2.1918648595998462
Melgaço,2021.0,1.849792695519794
Melgaço,2022.0,1.91718921254724
Melgaço,2023.0,0.741173573165436
Mocajuba,2008.0,0.500327532406616
Mocajuba,2009.0,0.338969459994667
Mocajuba,2010.0,1.969750248956975
Mocajuba,2011.0,0.575533549622005
Mocajuba,2012.0,0.314475479035781
Mocajuba,2013.0,0.159287589666271
Mocajuba,2014.0,0.230473411103725
Mocajuba,2016.0,0.307972991725134
Mocajuba,2017.0,0.304772186031741
Mocajuba,2018.0,0.366602993913978
Mocajuba,2019.0,0.172614419036557
Mocajuba,2020.0,0.087664632752309
Mocajuba,2021.0,0.067296670655652
Mocajuba,2023.0,0.28526277273885203
Moju,2008.0,117.1739897705311
Moju,2009.0,67.32103011581694
Moju,2010.0,116.95046775118816
Moju,2011.0,43.17425298534476
Moju,2012.0,43.55425694013487
Moju,2013.0,36.66330226146107
Moju,2014.0,25.088154370214138
Moju,2015.0,25.910133061262567
Moju,2016.0,30.514676590506095
Moju,2017.0,43.19655935298316
Moju,2018.0,34.0830445066481
Moju,2019.0,28.346553796238204
Moju,2020.0,36.56600226595283
Moju,2021.0,56.43145169395024
Moju,2022.0,74.71930210540292
Moju,2023.0,97.24152426400543
Mojuí dos Campos,2008.0,25.78585657282766
Mojuí dos Campos,2009.0,30.473654822417682
Mojuí dos Campos,2010.0,13.050091863868724
Mojuí dos Campos,2011.0,10.881455853138778
Mojuí dos Campos,2012.0,11.42817563647283
Mojuí dos Campos,2013.0,3.998982128331065
Mojuí dos Campos,2014.0,6.239790356798859
Mojuí dos Campos,2015.0,32.066492942407365
Mojuí dos Campos,2016.0,10.381901160239167
Mojuí dos Campos,2017.0,20.308393738628368
Mojuí dos Campos,2018.0,26.373288550686688
Mojuí dos Campos,2019.0,45.551422043798475
Mojuí dos Campos,2020.0,36.023892444534816
Mojuí dos Campos,2021.0,63.71580465316341
Mojuí dos Campos,2022.0,87.1397752141574
Mojuí dos Campos,2023.0,103.5222442402868
Monte Alegre,2008.0,32.628591034882255
Monte Alegre,2009.0,7.372215661489097
Monte Alegre,2010.0,20.765008277961318
Monte Alegre,2011.0,10.853305852907216
Monte Alegre,2012.0,15.109258114250729
Monte Alegre,2013.0,9.670407609037895
Monte Alegre,2014.0,15.750801031755154
Monte Alegre,2015.0,11.255881279164756
Monte Alegre,2016.0,24.08348461313752
Monte Alegre,2017.0,31.1647625088447
Monte Alegre,2018.0,11.772257382663412
Monte Alegre,2019.0,25.78491826542801
Monte Alegre,2020.0,33.33363659938907
Monte Alegre,2021.0,37.944601305324724
Monte Alegre,2022.0,38.22045452164785
Monte Alegre,2023.0,16.513382563384276
Muaná,2009.0,0.753689681464881
Muaná,2010.0,1.898611801212367
Muaná,2011.0,0.123626911166147
Muaná,2012.0,0.092456291747193
Muaná,2018.0,0.260087370948396
Muaná,2020.0,0.093134703261482
Muaná,2021.0,0.304042969933298
Muaná,2022.0,0.12818186758494898
Mãe do Rio,2008.0,0.287345006288774
Mãe do Rio,2011.0,0.06463711381434
Mãe do Rio,2015.0,0.25800072746549396
Mãe do Rio,2016.0,0.430410049541336
Mãe do Rio,2017.0,0.367416074637909
Mãe do Rio,2020.0,0.206185196292956
Mãe do Rio,2023.0,0.06779977289163
Nova Esperança do Piriá,2008.0,17.419984346393594
Nova Esperança do Piriá,2009.0,63.27887330089122
Nova Esperança do Piriá,2010.0,10.382363849115693
Nova Esperança do Piriá,2011.0,33.91269431942479
Nova Esperança do Piriá,2012.0,2.771852502575319
Nova Esperança do Piriá,2013.0,7.300195289946803
Nova Esperança do Piriá,2014.0,14.510609881652591
Nova Esperança do Piriá,2015.0,2.891697001780133
Nova Esperança do Piriá,2016.0,7.727650344372096
Nova Esperança do Piriá,2017.0,5.515435720582276
Nova Esperança do Piriá,2018.0,4.681868289916326
Nova Esperança do Piriá,2019.0,4.47538459453212
Nova Esperança do Piriá,2020.0,7.905472845352543
Nova Esperança do Piriá,2021.0,3.2345834000022027
Nova Esperança do Piriá,2022.0,8.180345923217308
Nova Esperança do Piriá,2023.0,5.664096413451238
Nova Ipixuna,2008.0,10.808048192041491
Nova Ipixuna,2009.0,10.234900693991255
Nova Ipixuna,2010.0,7.2903599928811
Nova Ipixuna,2011.0,5.324462064400257
Nova Ipixuna,2012.0,2.577202959212668
Nova Ipixuna,2013.0,2.198235813006126
Nova Ipixuna,2014.0,2.07146381957514
Nova Ipixuna,2015.0,3.765183766141637
Nova Ipixuna,2016.0,4.48565238577568
Nova Ipixuna,2017.0,3.981051026811485
Nova Ipixuna,2018.0,2.938695820261982
Nova Ipixuna,2019.0,6.129553839529467
Nova Ipixuna,2020.0,6.541424690480595
Nova Ipixuna,2021.0,3.665471575667847
Nova Ipixuna,2022.0,4.091958670131625
Nova Ipixuna,2023.0,2.6374815996204517
Nova Timboteua,2008.0,2.325814428322756
Nova Timboteua,2009.0,0.345370950346305
Nova Timboteua,2010.0,0.175473841885944
Nova Timboteua,2011.0,0.19219397348157502
Nova Timboteua,2012.0,0.079360315459822
Nova Timboteua,2013.0,0.405165008139057
Nova Timboteua,2015.0,0.285808751981787
Nova Timboteua,2016.0,0.468582731024707
Nova Timboteua,2017.0,0.606438318925568
Nova Timboteua,2018.0,0.536140000826825
Nova Timboteua,2020.0,0.071364175089667
Nova Timboteua,2022.0,0.096250359481648
Nova Timboteua,2023.0,0.416515128751491
Novo Progresso,2008.0,238.27825575547308
Novo Progresso,2009.0,322.9284993097972
Novo Progresso,2010.0,53.887489479376576
Novo Progresso,2011.0,53.80893119899892
Novo Progresso,2012.0,74.6122308743322
Novo Progresso,2013.0,168.60160291297146
Novo Progresso,2014.0,125.04700131981296
Novo Progresso,2015.0,173.20686612865205
Novo Progresso,2016.0,141.77921145010663
Novo Progresso,2017.0,61.31669819636063
Novo Progresso,2018.0,193.66510250463466
Novo Progresso,2019.0,203.53112818545733
Novo Progresso,2020.0,522.9085385747255
Novo Progresso,2021.0,421.925648022798
Novo Progresso,2022.0,265.0830341966219
Novo Progresso,2023.0,97.37783678206313
Novo Repartimento,2008.0,490.55280293723354
Novo Repartimento,2009.0,289.23585835006634
Novo Repartimento,2010.0,224.27993796648536
Novo Repartimento,2011.0,182.32681222259424
Novo Repartimento,2012.0,121.15953625237483
Novo Repartimento,2013.0,152.50670243832573
Novo Repartimento,2014.0,78.13875188387523
Novo Repartimento,2015.0,74.30233837790765
Novo Repartimento,2016.0,226.82692316537776
Novo Repartimento,2017.0,123.40990833072692
Novo Repartimento,2018.0,169.50371159710645
Novo Repartimento,2019.0,144.77658866429908
Novo Repartimento,2020.0,160.61791543035406
Novo Repartimento,2021.0,196.3355774425939
Novo Repartimento,2022.0,110.24844082233864
Novo Repartimento,2023.0,109.2993449935836
Oeiras do Pará,2008.0,4.8942290286035774
Oeiras do Pará,2009.0,8.07334918128275
Oeiras do Pará,2010.0,57.04514225051817
Oeiras do Pará,2011.0,6.504634662070133
Oeiras do Pará,2012.0,3.249801708013682
Oeiras do Pará,2013.0,2.330661227716794
Oeiras do Pará,2014.0,1.868780153404006
Oeiras do Pará,2015.0,1.996975575686794
Oeiras do Pará,2016.0,3.6222430096256177
Oeiras do Pará,2017.0,7.501540454595092
Oeiras do Pará,2018.0,1.89261617782459
Oeiras do Pará,2019.0,2.946135757305678
Oeiras do Pará,2020.0,2.583415262990566
Oeiras do Pará,2021.0,10.662660245640012
Oeiras do Pará,2022.0,3.359763893461705
Oeiras do Pará,2023.0,2.532297656314084
Oriximiná,2008.0,29.52525275469331
Oriximiná,2009.0,18.131959295579364
Oriximiná,2010.0,37.67341825282408
Oriximiná,2011.0,12.501268587454492
Oriximiná,2012.0,4.995511780831199
Oriximiná,2013.0,10.833384302317413
Oriximiná,2014.0,10.657634421908314
Oriximiná,2015.0,15.047396281668576
Oriximiná,2016.0,12.900083159781895
Oriximiná,2017.0,11.804291798198191
Oriximiná,2018.0,15.100264748261788
Oriximiná,2019.0,21.429994301934663
Oriximiná,2020.0,25.35917331588808
Oriximiná,2021.0,17.563073275325497
Oriximiná,2022.0,14.90342357473455
Oriximiná,2023.0,15.54583620687779
Ourilândia do Norte,2008.0,22.0251041412522
Ourilândia do Norte,2009.0,7.663155326085434
Ourilândia do Norte,2010.0,3.243523173886972
Ourilândia do Norte,2011.0,5.826140265288087
Ourilândia do Norte,2012.0,4.91095010146554
Ourilândia do Norte,2013.0,4.883615876212467
Ourilândia do Norte,2014.0,5.8308570904536445
Ourilândia do Norte,2015.0,5.417866776284676
Ourilândia do Norte,2016.0,8.578319753180171
Ourilândia do Norte,2017.0,13.715743752867654
Ourilândia do Norte,2018.0,8.770533682448622
Ourilândia do Norte,2019.0,17.716269595239883
Ourilândia do Norte,2020.0,18.976726564807922
Ourilândia do Norte,2021.0,16.40016219085398
Ourilândia do Norte,2022.0,8.199433003855649
Ourilândia do Norte,2023.0,9.771755041364283
Ourém,2008.0,6.946997892041339
Ourém,2009.0,1.978388960405608
Ourém,2010.0,0.164137267232132
Ourém,2011.0,1.265443665885305
Ourém,2013.0,0.082805703584021
Ourém,2014.0,0.096975258258375
Ourém,2015.0,0.333474629202916
Ourém,2016.0,0.6903456577770599
Ourém,2017.0,0.5971632315441759
Ourém,2018.0,0.410247662013077
Ourém,2019.0,0.30324591067095596
Ourém,2020.0,0.33352186428644803
Ourém,2021.0,0.423570196595311
Ourém,2023.0,0.47450541399213897
Pacajá,2008.0,262.26438346283624
Pacajá,2009.0,101.8046415708754
Pacajá,2010.0,277.9681567218396
Pacajá,2011.0,201.43250684400388
Pacajá,2012.0,34.09571140301574
Pacajá,2013.0,30.019144456951523
Pacajá,2014.0,79.554567547927
Pacajá,2015.0,166.61599681714742
Pacajá,2016.0,142.27615237059644
Pacajá,2017.0,184.4489085194956
Pacajá,2018.0,131.2791847586934
Pacajá,2019.0,324.0204551473964
Pacajá,2020.0,252.93688422768327
Pacajá,2021.0,267.76684180725067
Pacajá,2022.0,226.4749778130561
Pacajá,2023.0,188.49039538835402
Palestina do Pará,2008.0,8.121514586512216
Palestina do Pará,2009.0,2.95285667591589
Palestina do Pará,2010.0,4.519482468978922
Palestina do Pará,2011.0,1.019100552088988
Palestina do Pará,2012.0,1.21108885715911
Palestina do Pará,2013.0,1.866161330288947
Palestina do Pará,2014.0,1.745513663520069
Palestina do Pará,2015.0,1.223653005218823
Palestina do Pará,2016.0,2.331206569559586
Palestina do Pará,2017.0,1.322191592602243
Palestina do Pará,2018.0,0.772542772721896
Palestina do Pará,2019.0,1.155566203570942
Palestina do Pará,2020.0,1.054168138493992
Palestina do Pará,2021.0,1.127575738283338
Palestina do Pará,2022.0,0.74362571938352
Palestina do Pará,2023.0,0.256971056834708
Paragominas,2008.0,63.65464432766435
Paragominas,2009.0,120.43969351156035
Paragominas,2010.0,68.23499886542145
Paragominas,2011.0,35.28099645652443
Paragominas,2012.0,17.080392992718515
Paragominas,2013.0,30.588031873225606
Paragominas,2014.0,19.959306601417428
Paragominas,2015.0,24.09242762816498
Paragominas,2016.0,19.994520285845564
Paragominas,2017.0,19.640937420248665
Paragominas,2018.0,18.18445863677304
Paragominas,2019.0,25.8467835143493
Paragominas,2020.0,19.732834328619287
Paragominas,2021.0,31.522358577862526
Paragominas,2022.0,47.303097085410066
Paragominas,2023.0,32.376223459802254
Parauapebas,2008.0,28.091611832090212
Parauapebas,2009.0,4.612644523768795
Parauapebas,2010.0,4.231618605945261
Parauapebas,2011.0,2.23299359589078
Parauapebas,2012.0,4.448371380652369
Parauapebas,2013.0,4.576356309741303
Parauapebas,2014.0,1.608569522487838
Parauapebas,2015.0,1.928507144297289
Parauapebas,2016.0,6.175390364016664
Parauapebas,2017.0,1.5169572939784821
Parauapebas,2018.0,3.030614240559546
Parauapebas,2019.0,4.643722006387174
Parauapebas,2020.0,4.021180949038168
Parauapebas,2021.0,10.114201194764435
Parauapebas,2022.0,4.206896204253633
Parauapebas,2023.0,3.1769183479990692
Pau D'Arco,2008.0,17.23228461493145
Pau D'Arco,2009.0,4.887220051531073
Pau D'Arco,2010.0,1.074549014135389
Pau D'Arco,2011.0,2.49799796908208
Pau D'Arco,2012.0,1.382396670367331
Pau D'Arco,2013.0,3.083394083767387
Pau D'Arco,2014.0,0.997554147916922
Pau D'Arco,2015.0,0.6074085207785971
Pau D'Arco,2016.0,0.55883430824503
Pau D'Arco,2017.0,0.484647147442083
Pau D'Arco,2018.0,0.42739219020929897
Pau D'Arco,2019.0,1.420241493568748
Pau D'Arco,2020.0,2.954652578209968
Pau D'Arco,2021.0,3.905181450007197
Pau D'Arco,2022.0,1.623986446420114
Pau D'Arco,2023.0,4.737266633348131
Peixe-Boi,2008.0,3.906207450961226
Peixe-Boi,2009.0,0.135985949333582
Peixe-Boi,2010.0,0.509773579531651
Peixe-Boi,2011.0,0.389924937494623
Peixe-Boi,2012.0,0.34369196011563197
Peixe-Boi,2013.0,0.489785338859735
Peixe-Boi,2015.0,1.620546454044284
Peixe-Boi,2016.0,0.527650416243084
Peixe-Boi,2017.0,1.8012528089444622
Peixe-Boi,2018.0,0.26558390497373296
Peixe-Boi,2020.0,0.248097920582121
Peixe-Boi,2021.0,0.315284425650435
Peixe-Boi,2022.0,0.143493231170319
Peixe-Boi,2023.0,0.296207695309042
Piçarra,2008.0,17.85939360393734
Piçarra,2009.0,12.365947415358045
Piçarra,2010.0,11.968080255828895
Piçarra,2011.0,3.829391640108321
Piçarra,2012.0,2.3342187237960332
Piçarra,2013.0,3.548771946742344
Piçarra,2014.0,5.0725671863405
Piçarra,2015.0,3.093125517795198
Piçarra,2016.0,3.314637015815944
Piçarra,2017.0,2.766969905009944
Piçarra,2018.0,3.860374240134024
Piçarra,2019.0,1.992578190127537
Piçarra,2020.0,1.605847780442304
Piçarra,2021.0,2.021616606629378
Piçarra,2022.0,1.937041488701829
Piçarra,2023.0,1.063537446230936
Placas,2008.0,86.70576107473842
Placas,2009.0,40.16529914856754
Placas,2010.0,56.93848906877808
Placas,2011.0,40.50766091911018
Placas,2012.0,81.06881126450853
Placas,2013.0,24.7970222687609
Placas,2014.0,54.992210851321865
Placas,2015.0,90.20669165166528
Placas,2016.0,67.90603410071019
Placas,2017.0,89.1578288487978
Placas,2018.0,92.44673565665843
Placas,2019.0,110.04097475530592
Placas,2020.0,91.54053607355807
Placas,2021.0,149.55683926061633
Placas,2022.0,144.49930203836837
Placas,2023.0,64.1670129178981
Ponta de Pedras,2009.0,0.403829395769266
Ponta de Pedras,2010.0,0.082810310816272
Ponta de Pedras,2011.0,0.218962484543175
Ponta de Pedras,2022.0,0.064046647716891
Portel,2008.0,102.03152801663069
Portel,2009.0,31.138725042318406
Portel,2010.0,57.56179089001502
Portel,2011.0,75.34213224986856
Portel,2012.0,12.460954842075724
Portel,2013.0,17.440433435891563
Portel,2014.0,62.740471932655524
Portel,2015.0,110.24416065257209
Portel,2016.0,179.1838056952531
Portel,2017.0,168.63588941694482
Portel,2018.0,97.35649285953546
Portel,2019.0,257.01751807869135
Portel,2020.0,192.97882073717173
Portel,2021.0,247.1940204182745
Portel,2022.0,316.90093529851913
Portel,2023.0,203.51568179405135
Porto de Moz,2008.0,25.230053646371275
Porto de Moz,2009.0,54.144499005291074
Porto de Moz,2010.0,31.538098257410518
Porto de Moz,2011.0,19.774570523605725
Porto de Moz,2012.0,20.53034912849251
Porto de Moz,2013.0,16.01087419232568
Porto de Moz,2014.0,21.760861738922927
Porto de Moz,2015.0,21.713808071310247
Porto de Moz,2016.0,21.005988254051307
Porto de Moz,2017.0,15.212200100850238
Porto de Moz,2018.0,35.916487619236094
Porto de Moz,2019.0,41.950800381365056
Porto de Moz,2020.0,32.454052489862406
Porto de Moz,2021.0,51.35372358735766
Porto de Moz,2022.0,41.39462027113718
Porto de Moz,2023.0,22.970670938200023
Prainha,2008.0,72.84712151109132
Prainha,2009.0,34.300778327693315
Prainha,2010.0,69.25680078846469
Prainha,2011.0,18.319924126857885
Prainha,2012.0,26.276305005922335
Prainha,2013.0,27.640519858499893
Prainha,2014.0,37.200951087834135
Prainha,2015.0,55.21727559596066
Prainha,2016.0,48.19069073307323
Prainha,2017.0,67.27628283095295
Prainha,2018.0,26.913795458451983
Prainha,2019.0,75.05055064887422
Prainha,2020.0,58.84276947437529
Prainha,2021.0,67.65335054913176
Prainha,2022.0,91.57209284851918
Prainha,2023.0,58.86330609518631
Primavera,2008.0,0.841115006438636
Primavera,2009.0,0.067518799876888
Primavera,2010.0,0.319394365333673
Primavera,2011.0,0.5756144259103739
Primavera,2012.0,0.089844374903293
Primavera,2013.0,0.23155303542646
Primavera,2014.0,0.163865929782263
Primavera,2015.0,0.476681769435283
Primavera,2016.0,0.14366744013689198
Primavera,2018.0,0.139566360600308
Primavera,2020.0,0.449152823006224
Primavera,2021.0,0.064276012488924
Primavera,2022.0,0.251143563960498
Primavera,2023.0,0.070121784919739
Quatipuru,2008.0,2.296701968529541
Quatipuru,2009.0,0.363005170921608
Quatipuru,2010.0,0.376495290534399
Quatipuru,2012.0,0.103447401697143
Quatipuru,2015.0,1.224908628570316
Quatipuru,2016.0,0.085566459882754
Quatipuru,2017.0,0.21162904464203
Quatipuru,2018.0,0.205312135413251
Quatipuru,2020.0,0.077859182650028
Quatipuru,2021.0,0.070807570957255
Quatipuru,2023.0,0.171988375363676
Redenção,2008.0,8.510153572502412
Redenção,2009.0,2.916870372119127
Redenção,2010.0,1.273250879958482
Redenção,2011.0,1.1366111696106111
Redenção,2012.0,2.301864574588511
Redenção,2013.0,1.378850875183214
Redenção,2014.0,0.388847484014067
Redenção,2015.0,0.192216631073177
Redenção,2016.0,0.647287483329325
Redenção,2017.0,0.335377354900224
Redenção,2018.0,0.305900648387567
Redenção,2019.0,1.309882370955982
Redenção,2020.0,0.221017879187673
Redenção,2021.0,0.476464172948067
Redenção,2022.0,0.106020237847567
Redenção,2023.0,0.298065177581382
Rio Maria,2008.0,17.444312448101876
Rio Maria,2009.0,6.770492858219891
Rio Maria,2010.0,4.143261986042618
Rio Maria,2011.0,2.831609241624254
Rio Maria,2012.0,2.282292258073032
Rio Maria,2013.0,9.15437008120108
Rio Maria,2014.0,3.972225888084255
Rio Maria,2015.0,4.842593304022676
Rio Maria,2016.0,7.446631291226793
Rio Maria,2017.0,6.217810643062313
Rio Maria,2018.0,7.3206127893137145
Rio Maria,2019.0,6.090880288751748
Rio Maria,2020.0,11.72146180708951
Rio Maria,2021.0,6.048213126032952
Rio Maria,2022.0,8.120850665826808
Rio Maria,2023.0,8.184832685246086
Rondon do Pará,2008.0,54.46489657161285
Rondon do Pará,2009.0,30.918079429409058
Rondon do Pará,2010.0,54.59142846888031
Rondon do Pará,2011.0,26.70592557340277
Rondon do Pará,2012.0,15.840487299564549
Rondon do Pará,2013.0,29.37939414164948
Rondon do Pará,2014.0,22.837442989321993
Rondon do Pará,2015.0,19.045701040126968
Rondon do Pará,2016.0,26.654270556207127
Rondon do Pará,2017.0,19.16965239236573
Rondon do Pará,2018.0,24.911785443010846
Rondon do Pará,2019.0,35.998981360890646
Rondon do Pará,2020.0,37.95757435480235
Rondon do Pará,2021.0,35.892572376289046
Rondon do Pará,2022.0,46.808804196605834
Rondon do Pará,2023.0,36.374903988973315
Rurópolis,2008.0,51.42163460275626
Rurópolis,2009.0,30.661640977789588
Rurópolis,2010.0,33.12833502106391
Rurópolis,2011.0,42.25189934501413
Rurópolis,2012.0,42.371766485840695
Rurópolis,2013.0,19.200005087194892
Rurópolis,2014.0,37.23937828483373
Rurópolis,2015.0,31.90339474872779
Rurópolis,2016.0,28.07547789451689
Rurópolis,2017.0,43.78199133374632
Rurópolis,2018.0,51.32413187161243
Rurópolis,2019.0,109.77563664335646
Rurópolis,2020.0,101.72882621218264
Rurópolis,2021.0,175.99747840240664
Rurópolis,2022.0,119.12677691480451
Rurópolis,2023.0,40.7525961187283
Salinópolis,2008.0,0.78694661704883
Salinópolis,2009.0,1.954994310085087
Salinópolis,2010.0,2.139675749304186
Salinópolis,2011.0,0.438474600036593
Salinópolis,2012.0,0.28853607674541
Salinópolis,2013.0,1.720626630380525
Salinópolis,2015.0,1.182848243374796
Salinópolis,2016.0,0.207144353472627
Salinópolis,2017.0,0.09215947465635799
Salinópolis,2018.0,0.274866377792808
Salinópolis,2019.0,1.149187277766801
Salinópolis,2021.0,0.970671964541771
Salinópolis,2022.0,0.34323629213608897
Salvaterra,2008.0,0.262485975345921
Salvaterra,2009.0,2.169053599496236
Salvaterra,2010.0,4.999532298396136
Salvaterra,2011.0,1.05754285905251
Salvaterra,2012.0,0.435036569954595
Salvaterra,2013.0,0.533472526797339
Salvaterra,2014.0,0.541495316161029
Salvaterra,2015.0,0.07321207681610001
Salvaterra,2016.0,0.245217990778183
Salvaterra,2017.0,2.437519790684071
Salvaterra,2018.0,0.11723713631818
Salvaterra,2019.0,0.260524654329227
Salvaterra,2020.0,0.081010958300722
Salvaterra,2021.0,0.352622305722191
Salvaterra,2023.0,0.194792279963833
Santa Bárbara do Pará,2008.0,1.526775021147162
Santa Bárbara do Pará,2010.0,0.34186312668311103
Santa Bárbara do Pará,2011.0,0.097899286947843
Santa Bárbara do Pará,2013.0,0.23687885419571503
Santa Bárbara do Pará,2015.0,0.109572156234778
Santa Bárbara do Pará,2016.0,0.081807101319072
Santa Bárbara do Pará,2017.0,0.166048776322877
Santa Bárbara do Pará,2018.0,0.23017928979269697
Santa Bárbara do Pará,2019.0,0.437281074188262
Santa Bárbara do Pará,2020.0,0.32063259008198197
Santa Bárbara do Pará,2021.0,0.216407862432692
Santa Izabel do Pará,2008.0,1.7707125828339438
Santa Izabel do Pará,2009.0,0.13619237631096198
Santa Izabel do Pará,2010.0,0.218112334370028
Santa Izabel do Pará,2011.0,0.364000613541421
Santa Izabel do Pará,2012.0,0.067615972298937
Santa Izabel do Pará,2013.0,0.979528491489672
Santa Izabel do Pará,2014.0,0.149592654115634
Santa Izabel do Pará,2015.0,0.46694742055367006
Santa Izabel do Pará,2016.0,0.834391172169944
Santa Izabel do Pará,2017.0,1.704898402527198
Santa Izabel do Pará,2018.0,0.45909264068739203
Santa Izabel do Pará,2020.0,0.35115614238230597
Santa Izabel do Pará,2021.0,0.517423578854517
Santa Izabel do Pará,2022.0,0.226345858819492
Santa Luzia do Pará,2008.0,6.901479320547076
Santa Luzia do Pará,2009.0,9.232864495225822
Santa Luzia do Pará,2010.0,1.0078413474151011
Santa Luzia do Pará,2011.0,0.414703559541746
Santa Luzia do Pará,2014.0,0.74699822275937
Santa Luzia do Pará,2017.0,0.401082155392619
Santa Luzia do Pará,2018.0,0.182387220861026
Santa Luzia do Pará,2019.0,0.196438460538852
Santa Luzia do Pará,2020.0,0.683431506996335
Santa Luzia do Pará,2022.0,0.177716455471483
Santa Luzia do Pará,2023.0,1.017943346881571
Santa Maria das Barreiras,2008.0,106.53337755769729
Santa Maria das Barreiras,2009.0,25.14917112473455
Santa Maria das Barreiras,2010.0,48.494282926657895
Santa Maria das Barreiras,2011.0,33.73973059821483
Santa Maria das Barreiras,2012.0,19.84125477863134
Santa Maria das Barreiras,2013.0,21.025399218041343
Santa Maria das Barreiras,2014.0,20.63023870620269
Santa Maria das Barreiras,2015.0,13.895413897327002
Santa Maria das Barreiras,2016.0,19.358262586089126
Santa Maria das Barreiras,2017.0,17.15635716006255
Santa Maria das Barreiras,2018.0,17.460441502165377
Santa Maria das Barreiras,2019.0,29.57138491526319
Santa Maria das Barreiras,2020.0,34.996828857490414
Santa Maria das Barreiras,2021.0,12.781599903024325
Santa Maria das Barreiras,2022.0,17.24510065227015
Santa Maria das Barreiras,2023.0,14.298882583565781
Santa Maria do Pará,2008.0,1.243547688016229
Santa Maria do Pará,2009.0,0.220204302040154
Santa Maria do Pará,2010.0,0.358519016899969
Santa Maria do Pará,2012.0,0.21257420883963501
Santa Maria do Pará,2013.0,0.947424292866199
Santa Maria do Pará,2014.0,0.089933332779815
Santa Maria do Pará,2015.0,0.140251542218148
Santa Maria do Pará,2016.0,0.250461383187357
Santa Maria do Pará,2017.0,0.077448410012617
Santa Maria do Pará,2018.0,0.13688945844337
Santa Maria do Pará,2020.0,0.100023288559338
Santa Maria do Pará,2023.0,0.232131179090282
Santana do Araguaia,2008.0,201.52236279773174
Santana do Araguaia,2009.0,26.78214236888863
Santana do Araguaia,2010.0,40.64315758409302
Santana do Araguaia,2011.0,34.10226744608198
Santana do Araguaia,2012.0,23.1765443014943
Santana do Araguaia,2013.0,39.08573330008058
Santana do Araguaia,2014.0,24.16263549339199
Santana do Araguaia,2015.0,16.6734317662293
Santana do Araguaia,2016.0,20.114259274574763
Santana do Araguaia,2017.0,14.397061895713627
Santana do Araguaia,2018.0,12.8336021543253
Santana do Araguaia,2019.0,23.97464249980033
Santana do Araguaia,2020.0,52.108438767571144
Santana do Araguaia,2021.0,26.411551834344912
Santana do Araguaia,2022.0,17.450524382544682
Santana do Araguaia,2023.0,8.692366239975552
Santarém,2008.0,31.595865845951945
Santarém,2009.0,18.330872168785664
Santarém,2010.0,19.52569053006848
Santarém,2011.0,10.978669283594792
Santarém,2012.0,7.246534984883419
Santarém,2013.0,6.09739943491142
Santarém,2014.0,11.425956429331796
Santarém,2015.0,22.312995508599872
Santarém,2016.0,6.873215600956501
Santarém,2017.0,23.507498486456463
Santarém,2018.0,13.123790111483261
Santarém,2019.0,19.72211858687538
Santarém,2020.0,15.879160711357208
Santarém,2021.0,18.337570406256358
Santarém,2022.0,83.37141015766981
Santarém,2023.0,59.29460776903071
Santarém Novo,2008.0,3.211784835194171
Santarém Novo,2009.0,0.209148651660936
Santarém Novo,2010.0,0.341803187060883
Santarém Novo,2011.0,0.17795883610152
Santarém Novo,2013.0,0.080153012983074
Santarém Novo,2014.0,0.081933622394456
Santarém Novo,2016.0,0.143806434803104
Santarém Novo,2017.0,0.279354683436259
Santarém Novo,2018.0,0.211758349036826
Santarém Novo,2019.0,0.229000441714348
Santarém Novo,2020.0,0.065785081727758
Santarém Novo,2021.0,0.087748074940502
Santarém Novo,2022.0,0.16653297616777002
Santarém Novo,2023.0,0.30188776505066
Santo Antônio do Tauá,2008.0,2.22184508747629
Santo Antônio do Tauá,2009.0,0.112993618867447
Santo Antônio do Tauá,2010.0,0.101991658720561
Santo Antônio do Tauá,2011.0,0.31442551771460503
Santo Antônio do Tauá,2013.0,0.522745563720523
Santo Antônio do Tauá,2014.0,0.078367601324996
Santo Antônio do Tauá,2015.0,0.222635932370472
Santo Antônio do Tauá,2017.0,0.24700515857466
Santo Antônio do Tauá,2020.0,0.38667689929789095
Santo Antônio do Tauá,2021.0,0.470579878777227
Santo Antônio do Tauá,2023.0,0.120661134939065
Sapucaia,2008.0,0.399750162939702
Sapucaia,2010.0,0.1012988511991
Sapucaia,2015.0,0.860072064204813
Sapucaia,2016.0,1.050002930021187
Sapucaia,2017.0,4.425701346421346
Sapucaia,2018.0,2.273967718417847
Sapucaia,2019.0,4.963792559233081
Sapucaia,2020.0,5.155463688454028
Sapucaia,2021.0,1.595884226167476
Sapucaia,2022.0,2.066096631172351
Sapucaia,2023.0,0.44169687384454803
Senador José Porfírio,2008.0,15.635929582378246
Senador José Porfírio,2009.0,3.831454628433824
Senador José Porfírio,2010.0,28.652736392959756
Senador José Porfírio,2011.0,102.2189373861138
Senador José Porfírio,2012.0,19.505047862224
Senador José Porfírio,2013.0,15.08144662533908
Senador José Porfírio,2014.0,28.249188336073548
Senador José Porfírio,2015.0,58.84155584009341
Senador José Porfírio,2016.0,69.10517252366272
Senador José Porfírio,2017.0,99.42738769194249
Senador José Porfírio,2018.0,50.15599818744406
Senador José Porfírio,2019.0,337.4767719968111
Senador José Porfírio,2020.0,155.99678226548923
Senador José Porfírio,2021.0,114.82200697563994
Senador José Porfírio,2022.0,124.68139456229439
Senador José Porfírio,2023.0,73.40485260706133
Soure,2009.0,0.210146688974224
Soure,2010.0,0.806883391513902
Soure,2015.0,0.314239351195559
Soure,2017.0,0.528650169354368
Soure,2018.0,0.091352618973038
São Caetano de Odivelas,2008.0,3.735035998057003
São Caetano de Odivelas,2009.0,0.337322888181506
São Caetano de Odivelas,2010.0,0.493162483755418
São Caetano de Odivelas,2011.0,0.396248634256681
São Caetano de Odivelas,2013.0,0.561067672711405
São Caetano de Odivelas,2015.0,0.230095138487008
São Caetano de Odivelas,2016.0,1.391209482755874
São Caetano de Odivelas,2017.0,0.388293343190682
São Caetano de Odivelas,2018.0,0.332925418046934
São Caetano de Odivelas,2019.0,0.077714360863
São Caetano de Odivelas,2020.0,0.900122854599661
São Caetano de Odivelas,2021.0,0.378268068535069
São Caetano de Odivelas,2022.0,0.17581738959881701
São Caetano de Odivelas,2023.0,0.771860154250704
São Domingos do Araguaia,2008.0,9.818761706224823
São Domingos do Araguaia,2009.0,10.049600764575384
São Domingos do Araguaia,2010.0,5.738604592180074
São Domingos do Araguaia,2011.0,1.928903268640749
São Domingos do Araguaia,2012.0,0.868916731052956
São Domingos do Araguaia,2013.0,2.353536160799573
São Domingos do Araguaia,2014.0,2.601705734945588
São Domingos do Araguaia,2015.0,0.88731202857098
São Domingos do Araguaia,2016.0,2.5789303958441128
São Domingos do Araguaia,2017.0,1.557592383443509
São Domingos do Araguaia,2018.0,1.015471461708093
São Domingos do Araguaia,2019.0,1.482148195592196
São Domingos do Araguaia,2020.0,1.632179717111639
São Domingos do Araguaia,2021.0,1.510736408357479
São Domingos do Araguaia,2022.0,1.544091345629521
São Domingos do Araguaia,2023.0,1.4956273088913101
São Domingos do Capim,2008.0,13.649568499198327
São Domingos do Capim,2009.0,1.515040694356584
São Domingos do Capim,2010.0,1.135453965741232
São Domingos do Capim,2011.0,3.162315871823738
São Domingos do Capim,2012.0,0.968501242060744
São Domingos do Capim,2013.0,2.080260432809257
São Domingos do Capim,2014.0,0.9391767061173629
São Domingos do Capim,2015.0,1.774911358812831
São Domingos do Capim,2016.0,2.713624790596087
São Domingos do Capim,2017.0,11.922425847909578
São Domingos do Capim,2018.0,0.942700868432662
São Domingos do Capim,2019.0,0.469493962079815
São Domingos do Capim,2020.0,2.328891976098932
São Domingos do Capim,2021.0,1.347776327341122
São Domingos do Capim,2022.0,0.827079852138632
São Domingos do Capim,2023.0,1.7990764000024901
São Francisco do Pará,2008.0,2.624862160690789
São Francisco do Pará,2009.0,0.10055739680319
São Francisco do Pará,2010.0,0.848239682734713
São Francisco do Pará,2011.0,0.16746289152128002
São Francisco do Pará,2012.0,0.244862755258916
São Francisco do Pará,2013.0,0.458606586132499
São Francisco do Pará,2014.0,0.08370338109007
São Francisco do Pará,2015.0,0.077565858789577
São Francisco do Pará,2016.0,0.310986212682662
São Francisco do Pará,2017.0,0.242375315637454
São Francisco do Pará,2018.0,0.069094101435058
São Francisco do Pará,2020.0,0.20891199581563
São Francisco do Pará,2021.0,0.23580440702082
São Francisco do Pará,2022.0,0.22346806759293703
São Francisco do Pará,2023.0,0.1244777046639
São Félix do Xingu,2008.0,771.6654724406535
São Félix do Xingu,2009.0,441.3640074809116
São Félix do Xingu,2010.0,351.227472149448
São Félix do Xingu,2011.0,140.31473068540433
São Félix do Xingu,2012.0,170.15347927450148
São Félix do Xingu,2013.0,223.7274180877042
São Félix do Xingu,2014.0,157.337890411216
São Félix do Xingu,2015.0,201.36987789329118
São Félix do Xingu,2016.0,326.4711040391408
São Félix do Xingu,2017.0,241.02709409043732
São Félix do Xingu,2018.0,285.3878735857664
São Félix do Xingu,2019.0,550.3925326930356
São Félix do Xingu,2020.0,617.9962884669397
São Félix do Xingu,2021.0,587.2128888421227
São Félix do Xingu,2022.0,557.1251655259656
São Félix do Xingu,2023.0,315.5462464717468
São Geraldo do Araguaia,2008.0,9.826810767694077
São Geraldo do Araguaia,2009.0,3.50629171545151
São Geraldo do Araguaia,2010.0,3.538538173124949
São Geraldo do Araguaia,2011.0,1.009985202319908
São Geraldo do Araguaia,2012.0,0.380348572520871
São Geraldo do Araguaia,2013.0,2.199863510133515
São Geraldo do Araguaia,2014.0,1.4736437672327969
São Geraldo do Araguaia,2015.0,0.669696226435025
São Geraldo do Araguaia,2016.0,3.051906805327743
São Geraldo do Araguaia,2017.0,1.886827053041011
São Geraldo do Araguaia,2018.0,1.007448182934178
São Geraldo do Araguaia,2019.0,1.480820087031973
São Geraldo do Araguaia,2020.0,1.260634624164619
São Geraldo do Araguaia,2021.0,1.475324414532097
São Geraldo do Araguaia,2022.0,0.768108968574886
São Geraldo do Araguaia,2023.0,0.355275667545069
São João da Ponta,2008.0,3.761579196241878
São João da Ponta,2009.0,0.301901502923409
São João da Ponta,2010.0,2.310592902699833
São João da Ponta,2011.0,0.726410959664008
São João da Ponta,2012.0,0.072097679601587
São João da Ponta,2013.0,0.724053751026998
São João da Ponta,2014.0,0.127356982241371
São João da Ponta,2015.0,0.580251794743835
São João da Ponta,2016.0,0.45276332952001996
São João da Ponta,2017.0,0.788633678011494
São João da Ponta,2018.0,0.621673355884426
São João da Ponta,2019.0,0.450813868523646
São João da Ponta,2020.0,0.6517322248106829
São João da Ponta,2021.0,0.395915682239527
São João da Ponta,2022.0,0.400763420030999
São João da Ponta,2023.0,0.30778622058357497
São João de Pirabas,2008.0,5.560503965527613
São João de Pirabas,2009.0,2.050331038494238
São João de Pirabas,2010.0,1.34079171366322
São João de Pirabas,2011.0,1.424585946033159
São João de Pirabas,2012.0,1.003820305643606
São João de Pirabas,2013.0,1.257554056516123
São João de Pirabas,2014.0,1.804558556916973
São João de Pirabas,2015.0,3.262169674039227
São João de Pirabas,2016.0,1.076598885022268
São João de Pirabas,2017.0,0.6939397990560869
São João de Pirabas,2018.0,0.893891430499184
São João de Pirabas,2019.0,1.936033497551677
São João de Pirabas,2020.0,0.566435073963257
São João de Pirabas,2021.0,1.916069133726905
São João de Pirabas,2022.0,0.956786717547832
São João de Pirabas,2023.0,0.787623675366216
São João do Araguaia,2008.0,35.020510579214786
São João do Araguaia,2009.0,15.374950170092186
São João do Araguaia,2010.0,4.859041377323502
São João do Araguaia,2011.0,3.07381694623049
São João do Araguaia,2012.0,2.079207284268974
São João do Araguaia,2013.0,3.456668598137927
São João do Araguaia,2014.0,4.723876182893264
São João do Araguaia,2015.0,4.933437260461762
São João do Araguaia,2016.0,6.696183770508576
São João do Araguaia,2017.0,4.822530667458697
São João do Araguaia,2018.0,3.949818207546208
São João do Araguaia,2019.0,5.266375215057684
São João do Araguaia,2020.0,4.772330874564343
São João do Araguaia,2021.0,5.375245823500077
São João do Araguaia,2022.0,4.806150795592817
São João do Araguaia,2023.0,3.274240314091798
São Miguel do Guamá,2008.0,8.250187715730034
São Miguel do Guamá,2009.0,0.65555958658898
São Miguel do Guamá,2010.0,0.358519016899969
São Miguel do Guamá,2011.0,1.400191538140618
São Miguel do Guamá,2012.0,1.24428700157974
São Miguel do Guamá,2013.0,0.886844192279135
São Miguel do Guamá,2014.0,0.215479577287305
São Miguel do Guamá,2015.0,1.525103449206751
São Miguel do Guamá,2016.0,1.212650460406609
São Miguel do Guamá,2017.0,1.6746946614429379
São Miguel do Guamá,2018.0,0.665187835598658
São Miguel do Guamá,2019.0,0.21045293290584
São Miguel do Guamá,2020.0,0.657097810251833
São Miguel do Guamá,2021.0,0.938127709400692
São Miguel do Guamá,2022.0,0.393018697198536
São Miguel do Guamá,2023.0,0.10020036698554499
São Sebastião da Boa Vista,2009.0,0.464417723903396
São Sebastião da Boa Vista,2010.0,2.580490628619974
São Sebastião da Boa Vista,2012.0,0.078789481470525
São Sebastião da Boa Vista,2013.0,0.258212032677338
São Sebastião da Boa Vista,2016.0,0.136007260274448
São Sebastião da Boa Vista,2017.0,0.069952364292592
São Sebastião da Boa Vista,2019.0,0.091395268362832
São Sebastião da Boa Vista,2020.0,0.412979771358189
São Sebastião da Boa Vista,2021.0,0.27283624040562704
Tailândia,2008.0,73.18995227942403
Tailândia,2009.0,16.413793192616662
Tailândia,2010.0,49.7893872337158
Tailândia,2011.0,19.205473313728987
Tailândia,2012.0,8.9839657260943
Tailândia,2013.0,33.43920605162431
Tailândia,2014.0,9.87543707211075
Tailândia,2015.0,6.720381467295134
Tailândia,2016.0,14.723896411467232
Tailândia,2017.0,15.630629520347863
Tailândia,2018.0,13.747762361115587
Tailândia,2019.0,19.99042827156018
Tailândia,2020.0,38.13804089814777
Tailândia,2021.0,45.71084574784026
Tailândia,2022.0,24.678176818791233
Tailândia,2023.0,38.59872334062012
Terra Alta,2008.0,1.311997414806278
Terra Alta,2009.0,0.099754793835371
Terra Alta,2010.0,0.512665422009592
Terra Alta,2011.0,0.158399337318134
Terra Alta,2012.0,0.422940260261587
Terra Alta,2013.0,0.158520528566506
Terra Alta,2014.0,0.192360826538376
Terra Alta,2016.0,0.335014852033669
Terra Alta,2017.0,0.085736090145636
Terra Alta,2018.0,0.319460646059481
Terra Alta,2019.0,0.173248222244341
Terra Alta,2020.0,0.209624940562048
Terra Alta,2021.0,0.130779332592532
Terra Alta,2022.0,0.099799694181022
Terra Alta,2023.0,0.264716945492332
Terra Santa,2008.0,5.643963087885301
Terra Santa,2009.0,4.0577974997154875
Terra Santa,2010.0,4.257046257320502
Terra Santa,2011.0,1.878065834928106
Terra Santa,2012.0,1.3201854679684102
Terra Santa,2013.0,3.693786893427853
Terra Santa,2014.0,4.63035024870416
Terra Santa,2015.0,5.065553444351237
Terra Santa,2016.0,3.924016082539835
Terra Santa,2017.0,2.595261088272154
Terra Santa,2018.0,1.729230197292464
Terra Santa,2019.0,4.96703591983474
Terra Santa,2020.0,3.601544134403819
Terra Santa,2021.0,4.166935366019146
Terra Santa,2022.0,5.545780418826197
Terra Santa,2023.0,5.736025714631953
Tomé-Açu,2008.0,41.94402603812606
Tomé-Açu,2009.0,14.574533239774148
Tomé-Açu,2010.0,38.15622411899304
Tomé-Açu,2011.0,6.2909225648915434
Tomé-Açu,2012.0,1.005113606025001
Tomé-Açu,2013.0,13.715310933891653
Tomé-Açu,2014.0,7.794823058142021
Tomé-Açu,2015.0,7.127027686924746
Tomé-Açu,2016.0,7.896743162299082
Tomé-Açu,2017.0,16.491446721494604
Tomé-Açu,2018.0,16.94937835166257
Tomé-Açu,2019.0,14.500565407536087
Tomé-Açu,2020.0,18.50110136235766
Tomé-Açu,2021.0,25.021670228806272
Tomé-Açu,2022.0,22.609475955079766
Tomé-Açu,2023.0,14.970190680354742
Tracuateua,2008.0,2.143716309006643
Tracuateua,2009.0,4.38383591157616
Tracuateua,2010.0,0.063013649546822
Tracuateua,2011.0,0.263247178863869
Tracuateua,2014.0,0.458598071337699
Tracuateua,2015.0,0.260688720566763
Tracuateua,2017.0,0.415415941036236
Tracuateua,2018.0,0.19295848120482
Tracuateua,2019.0,0.359295293471229
Tracuateua,2020.0,0.076992913767723
Tracuateua,2021.0,0.284244401648671
Tracuateua,2023.0,1.000876778747457
Trairão,2008.0,43.0272451550717
Trairão,2009.0,37.71955999819721
Trairão,2010.0,27.738894605832883
Trairão,2011.0,50.8581511514419
Trairão,2012.0,42.965069858117396
Trairão,2013.0,44.70797347546986
Trairão,2014.0,44.79703257948137
Trairão,2015.0,25.497654573957938
Trairão,2016.0,40.742445189616454
Trairão,2017.0,82.04727423833992
Trairão,2018.0,56.49279727829645
Trairão,2019.0,113.63547729060214
Trairão,2020.0,82.98406513311745
Trairão,2021.0,121.04905241986675
Trairão,2022.0,114.2609989264204
Trairão,2023.0,27.02152237662021
Tucumã,2008.0,9.977587956977203
Tucumã,2009.0,2.677132954016668
Tucumã,2010.0,2.571941798846665
Tucumã,2011.0,1.651254829783838
Tucumã,2012.0,0.962993237858175
Tucumã,2013.0,1.729873231388534
Tucumã,2014.0,2.706400583426881
Tucumã,2015.0,4.196511874959656
Tucumã,2016.0,3.106436998505635
Tucumã,2017.0,4.781561739480751
Tucumã,2018.0,2.28761475691914
Tucumã,2019.0,6.090868811414353
Tucumã,2020.0,2.984058414531441
Tucumã,2021.0,2.12398919544809
Tucumã,2022.0,1.348590855616315
Tucumã,2023.0,4.287869318746294
Tucuruí,2008.0,28.142741162132264
Tucuruí,2009.0,2.089795344767478
Tucuruí,2010.0,39.15079778764679
Tucuruí,2011.0,9.401826797145874
Tucuruí,2012.0,8.587115285034807
Tucuruí,2013.0,0.815117394236849
Tucuruí,2014.0,3.531120104202717
Tucuruí,2015.0,23.580315614639268
Tucuruí,2016.0,9.179197545563536
Tucuruí,2017.0,7.332325895589351
Tucuruí,2018.0,16.290565946337587
Tucuruí,2019.0,8.253742576093439
Tucuruí,2020.0,8.97615812272338
Tucuruí,2021.0,14.536416821333013
Tucuruí,2022.0,7.388614424872982
Tucuruí,2023.0,10.854486865282396
Ulianópolis,2008.0,135.7866343333842
Ulianópolis,2009.0,43.534330552355534
Ulianópolis,2010.0,19.352916908896336
Ulianópolis,2011.0,23.118890648159244
Ulianópolis,2012.0,30.671812677915288
Ulianópolis,2013.0,11.08961721759041
Ulianópolis,2014.0,2.954092623680025
Ulianópolis,2015.0,22.4742558433164
Ulianópolis,2016.0,18.095884299248095
Ulianópolis,2017.0,15.381902972336153
Ulianópolis,2018.0,6.4802390195128075
Ulianópolis,2019.0,18.251007957078833
Ulianópolis,2020.0,57.04497467708603
Ulianópolis,2021.0,74.79259903624238
Ulianópolis,2022.0,17.223858500532216
Ulianópolis,2023.0,22.27270753088533
Uruará,2008.0,92.35106035986398
Uruará,2009.0,100.03727759858982
Uruará,2010.0,69.32467924971442
Uruará,2011.0,38.926165673537014
Uruará,2012.0,52.29233739729966
Uruará,2013.0,48.15813879799684
Uruará,2014.0,15.058743405394901
Uruará,2015.0,54.06905828336237
Uruará,2016.0,64.07739048194817
Uruará,2017.0,101.10138391794786
Uruará,2018.0,85.67840071666426
Uruará,2019.0,157.35915940897738
Uruará,2020.0,138.4230087448881
Uruará,2021.0,144.03473936500868
Uruará,2022.0,199.8343413978192
Uruará,2023.0,114.59360987534663
Vigia,2008.0,1.861451207474359
Vigia,2009.0,0.060477458398187
Vigia,2010.0,0.401603237907612
Vigia,2011.0,0.241214219669311
Vigia,2012.0,0.228778367003577
Vigia,2013.0,0.602915679141045
Vigia,2015.0,1.274345159115389
Vigia,2016.0,0.295826055209576
Vigia,2017.0,0.166908105975206
Vigia,2018.0,0.064358253553882
Vigia,2019.0,0.29814704184679297
Vigia,2020.0,0.544041493085183
Vigia,2021.0,0.334247406478469
Vigia,2022.0,0.37822497799869903
Viseu,2008.0,15.763801416487361
Viseu,2009.0,36.90378735795542
Viseu,2010.0,17.794916398043778
Viseu,2011.0,4.005464751912145
Viseu,2012.0,0.930028684650634
Viseu,2013.0,0.9089286529895679
Viseu,2014.0,3.220052116514722
Viseu,2015.0,4.157333412602905
Viseu,2016.0,2.364903477877192
Viseu,2017.0,11.303899769461992
Viseu,2018.0,4.8188050350669425
Viseu,2019.0,9.27036222942466
Viseu,2020.0,9.521357999552398
Viseu,2021.0,4.550032049636403
Viseu,2022.0,2.0527603385278668
Viseu,2023.0,7.3111444543406625
Vitória do Xingu,2008.0,10.513979359991826
Vitória do Xingu,2009.0,1.699757039361021
Vitória do Xingu,2010.0,9.555272452516606
Vitória do Xingu,2011.0,53.36855141725154
Vitória do Xingu,2012.0,5.097918880250599
Vitória do Xingu,2013.0,9.280316467265992
Vitória do Xingu,2014.0,17.093512447855144
Vitória do Xingu,2015.0,47.705893421334665
Vitória do Xingu,2016.0,10.563147373490361
Vitória do Xingu,2017.0,7.252644008144061
Vitória do Xingu,2018.0,4.860646411504002
Vitória do Xingu,2019.0,7.343870506335294
Vitória do Xingu,2020.0,8.43637088324688
Vitória do Xingu,2021.0,4.453895641950407
Vitória do Xingu,2022.0,3.23229894006294
Vitória do Xingu,2023.0,2.396782186295444
Xinguara,2008.0,4.7398685037063615
Xinguara,2009.0,4.402291584393918
Xinguara,2010.0,3.6939595160233982
Xinguara,2011.0,0.830552711000815
Xinguara,2012.0,1.43640358937949
Xinguara,2013.0,0.6359065044651431
Xinguara,2014.0,2.259811522413595
Xinguara,2015.0,1.3650430438162249
Xinguara,2016.0,0.23003845252239
Xinguara,2017.0,1.554003167194475
Xinguara,2018.0,0.990141789913904
Xinguara,2019.0,1.814878058650097
Xinguara,2020.0,2.327200563985683
Xinguara,2021.0,0.954711673873148
Xinguara,2022.0,2.507064781257085
Xinguara,2023.0,1.017370113226572
Água Azul do Norte,2008.0,22.964169517511213
Água Azul do Norte,2009.0,10.87846774070288
Água Azul do Norte,2010.0,7.148321882092475
Água Azul do Norte,2011.0,7.72787171087983
Água Azul do Norte,2012.0,5.980333967662553
Água Azul do Norte,2013.0,5.648627211108739
Água Azul do Norte,2014.0,13.659124847379436
Água Azul do Norte,2015.0,9.562174834661157
Água Azul do Norte,2016.0,9.21737860418023
Água Azul do Norte,2017.0,8.375547557492098
Água Azul do Norte,2018.0,4.778392413492706
Água Azul do Norte,2019.0,9.739865654270794
Água Azul do Norte,2020.0,8.280842320206151
Água Azul do Norte,2021.0,5.489498649489942
Água Azul do Norte,2022.0,4.545451311693423
Água Azul do Norte,2023.0,3.913168434848052
Óbidos,2008.0,42.05225177098632
Óbidos,2009.0,28.03221904022031
Óbidos,2010.0,45.64294228881492
Óbidos,2011.0,15.97479656836335
Óbidos,2012.0,10.16379626664683
Óbidos,2013.0,15.572565951241433
Óbidos,2014.0,23.428129499036512
Óbidos,2015.0,13.393323083376783
Óbidos,2016.0,10.26056960913058
Óbidos,2017.0,17.99011328236678
Óbidos,2018.0,22.46591054517811
Óbidos,2019.0,35.13733423236891
Óbidos,2020.0,43.10324308647795
Óbidos,2021.0,30.29824260543385
Óbidos,2022.0,31.831045558258698
Óbidos,2023.0,23.814604860984666
